riz_id,tf_minutes,side,t0_pos,q,b,c,M,a,d,s,p0,u,k,ttc,r,cls,code,exit_bar,E,status,net_identified,net_favorable,net_adverse,q_utc
riz_1251a48af1d15d5ea15181b62ff67c94,50,north,6443764,6443769,30212.25,30229.75,30244.0,30244.25,17.5,14.5,0.453125,1.2844036697247707,5,293.0,0.8285714285714286,boundary_first,0,6443778,30229.75,taken_boundary_first,-18.5,-18.5,-18.5,2026-05-28 15:07:00+00:00
riz_19911e902d2c8773e6b0b72686b6da8d,150,north,6443764,6443769,30212.25,30229.75,30244.0,30244.25,17.5,14.5,0.453125,1.2844036697247707,5,293.0,0.8285714285714286,boundary_first,0,6443778,30229.75,skipped_overlap,,,,2026-05-28 15:07:00+00:00
riz_3dd348d07003912685e1b372dacb21b9,217,north,6443763,6443769,30200.75,30229.75,30244.0,30244.25,29.0,14.5,0.3333333333333333,1.8084632516703787,6,293.0,0.5,target_first,1,6443785,30229.75,skipped_overlap,,,,2026-05-28 15:07:00+00:00
riz_4142b74b68a432151805e730e4a98beb,58,north,6443764,6443769,30212.25,30229.75,30244.0,30244.25,17.5,14.5,0.453125,1.2844036697247707,5,293.0,0.8285714285714286,boundary_first,0,6443778,30229.75,skipped_overlap,,,,2026-05-28 15:07:00+00:00
riz_5db7483c7befdcd8bc10b614c4222e65,115,north,6443763,6443769,30188.75,30229.75,30244.0,30244.25,41.0,14.5,0.26126126126126126,2.5567928730512253,6,293.0,0.35365853658536583,target_first,1,6443785,30229.75,skipped_overlap,,,,2026-05-28 15:07:00+00:00
riz_6487d5b1ab2d6e9b90301f29be236b14,230,north,6443763,6443769,30188.75,30229.75,30244.0,30244.25,41.0,14.5,0.26126126126126126,2.5567928730512253,6,293.0,0.35365853658536583,target_first,1,6443785,30229.75,skipped_overlap,,,,2026-05-28 15:07:00+00:00
riz_7699fe79fcc4803403dbb7a388702334,23,north,6443763,6443769,30199.5,30229.75,30244.0,30244.25,30.25,14.5,0.3240223463687151,1.8864142538975501,6,293.0,0.4793388429752066,target_first,1,6443785,30229.75,skipped_overlap,,,,2026-05-28 15:07:00+00:00
riz_7e8be5a64767b59c969e7048c5580e6a,153,north,6443763,6443769,30201.0,30229.75,30244.0,30244.25,28.75,14.5,0.3352601156069364,1.7928730512249444,6,293.0,0.5043478260869565,target_first,1,6443785,30229.75,skipped_overlap,,,,2026-05-28 15:07:00+00:00
riz_7f87ad0c34566469399f3c58188eeae0,121,north,6443764,6443769,30212.25,30229.75,30244.0,30244.25,17.5,14.5,0.453125,1.2844036697247707,5,293.0,0.8285714285714286,boundary_first,0,6443778,30229.75,skipped_overlap,,,,2026-05-28 15:07:00+00:00
riz_8290f0d3a4db23443cb8a4282f43a676,3,north,6443763,6443769,30199.5,30229.75,30244.0,30244.25,30.25,14.5,0.3240223463687151,1.8864142538975501,6,293.0,0.4793388429752066,target_first,1,6443785,30229.75,skipped_overlap,,,,2026-05-28 15:07:00+00:00
riz_9b594d211e277dedb6bbfbc82525366c,216,north,6443763,6443769,30204.0,30229.75,30244.0,30244.25,25.75,14.5,0.36024844720496896,1.6057906458797329,6,293.0,0.5631067961165048,target_first,1,6443785,30229.75,skipped_overlap,,,,2026-05-28 15:07:00+00:00
riz_b990d232f363552a12a5b86f85d2bb4f,220,north,6443763,6443769,30197.25,30229.75,30244.0,30244.25,32.5,14.5,0.30851063829787234,2.0267260579064588,6,293.0,0.4461538461538462,target_first,1,6443785,30229.75,skipped_overlap,,,,2026-05-28 15:07:00+00:00
riz_bf26a4ff5db87ff330490f1dae681e31,39,north,6443764,6443769,30212.25,30229.75,30244.0,30244.25,17.5,14.5,0.453125,1.2844036697247707,5,293.0,0.8285714285714286,boundary_first,0,6443778,30229.75,skipped_overlap,,,,2026-05-28 15:07:00+00:00
riz_c272dc061ddf6340d29c5774c2c87ddb,154,north,6443763,6443769,30201.0,30229.75,30244.0,30244.25,28.75,14.5,0.3352601156069364,1.7928730512249444,6,293.0,0.5043478260869565,target_first,1,6443785,30229.75,skipped_overlap,,,,2026-05-28 15:07:00+00:00
riz_c2b69e664ee3ba07336b9225dd9953a2,219,north,6443763,6443769,30197.0,30229.75,30244.0,30244.25,32.75,14.5,0.30687830687830686,2.0423162583518932,6,293.0,0.44274809160305345,target_first,1,6443785,30229.75,skipped_overlap,,,,2026-05-28 15:07:00+00:00
riz_e3781359561ba58affc70b813785298d,43,north,6443764,6443769,30212.25,30229.75,30244.0,30244.25,17.5,14.5,0.453125,1.2844036697247707,5,293.0,0.8285714285714286,boundary_first,0,6443778,30229.75,skipped_overlap,,,,2026-05-28 15:07:00+00:00
riz_e4baddbd635db2c924223d0c944d540a,31,north,6443764,6443769,30212.25,30229.75,30244.0,30244.25,17.5,14.5,0.453125,1.2844036697247707,5,293.0,0.8285714285714286,boundary_first,0,6443778,30229.75,skipped_overlap,,,,2026-05-28 15:07:00+00:00
riz_f3215a8e168d135671185156e32211e7,41,north,6443764,6443769,30212.25,30229.75,30244.0,30244.25,17.5,14.5,0.453125,1.2844036697247707,5,293.0,0.8285714285714286,boundary_first,0,6443778,30229.75,skipped_overlap,,,,2026-05-28 15:07:00+00:00
riz_f89666b9549912e82ce3b416678a7871,218,north,6443763,6443769,30200.25,30229.75,30244.0,30244.25,29.5,14.5,0.32954545454545453,1.8396436525612474,6,293.0,0.4915254237288136,target_first,1,6443785,30229.75,skipped_overlap,,,,2026-05-28 15:07:00+00:00
riz_095bdd7ee5445d42aea4b036b5ae76b3,207,south,6454756,6454760,29482.0,29411.75,29366.75,29366.5,70.25,45.25,0.3917748917748918,1.4946808510638299,4,340.0,0.6441281138790036,target_first,1,6454761,29413.0,taken_target_first,45.5,45.5,45.5,2026-06-09 14:20:00+00:00
riz_114caa56e8f9c03f76ac89c624ff2026,211,south,6454756,6454760,29482.0,29411.75,29366.75,29366.5,70.25,45.25,0.3917748917748918,1.4946808510638299,4,340.0,0.6441281138790036,target_first,1,6454761,29413.0,skipped_overlap,,,,2026-06-09 14:20:00+00:00
riz_20e1670efec808c87e6f63a0af81db86,206,south,6454756,6454760,29482.0,29411.75,29366.75,29366.5,70.25,45.25,0.3917748917748918,1.4946808510638299,4,340.0,0.6441281138790036,target_first,1,6454761,29413.0,skipped_overlap,,,,2026-06-09 14:20:00+00:00
riz_24dda11f42c07e217879854b0974a4ab,21,south,6454754,6454760,29548.0,29411.75,29366.75,29366.5,136.25,45.25,0.2493112947658402,2.892342683851403,6,340.0,0.3321100917431193,target_first,1,6454761,29413.0,skipped_overlap,,,,2026-06-09 14:20:00+00:00
riz_2ca7a591dced6d9290a2be9c9db617f5,203,south,6454756,6454760,29482.0,29411.75,29366.75,29366.5,70.25,45.25,0.3917748917748918,1.4946808510638299,4,340.0,0.6441281138790036,target_first,1,6454761,29413.0,skipped_overlap,,,,2026-06-09 14:20:00+00:00
riz_5f8f88d761fc3863aed1dc020fa0497b,209,south,6454756,6454760,29482.0,29411.75,29366.75,29366.5,70.25,45.25,0.3917748917748918,1.4946808510638299,4,340.0,0.6441281138790036,target_first,1,6454761,29413.0,skipped_overlap,,,,2026-06-09 14:20:00+00:00
riz_79b8ea7e1a7068a7f7c5a56371f7347b,126,south,6454754,6454760,29548.0,29411.75,29366.75,29366.5,136.25,45.25,0.2493112947658402,2.892342683851403,6,340.0,0.3321100917431193,target_first,1,6454761,29413.0,skipped_overlap,,,,2026-06-09 14:20:00+00:00
riz_970f1e815672efa8743e1454e5b23d45,28,south,6454754,6454760,29548.0,29411.75,29366.75,29366.5,136.25,45.25,0.2493112947658402,2.892342683851403,6,340.0,0.3321100917431193,target_first,1,6454761,29413.0,skipped_overlap,,,,2026-06-09 14:20:00+00:00
riz_9a4308f7fe22572006fe041f088320e5,204,south,6454756,6454760,29482.0,29411.75,29366.75,29366.5,70.25,45.25,0.3917748917748918,1.4946808510638299,4,340.0,0.6441281138790036,target_first,1,6454761,29413.0,skipped_overlap,,,,2026-06-09 14:20:00+00:00
riz_a1a6c9f28fc387d44dc37605eb701094,210,south,6454756,6454760,29482.0,29411.75,29366.75,29366.5,70.25,45.25,0.3917748917748918,1.4946808510638299,4,340.0,0.6441281138790036,target_first,1,6454761,29413.0,skipped_overlap,,,,2026-06-09 14:20:00+00:00
riz_b64f3c04e1b1784cb35b2b07d508e7bd,208,south,6454756,6454760,29482.0,29411.75,29366.75,29366.5,70.25,45.25,0.3917748917748918,1.4946808510638299,4,340.0,0.6441281138790036,target_first,1,6454761,29413.0,skipped_overlap,,,,2026-06-09 14:20:00+00:00
riz_ebf18b5a04ed8b2d30c23bfbb0add9e7,205,south,6454756,6454760,29482.0,29411.75,29366.75,29366.5,70.25,45.25,0.3917748917748918,1.4946808510638299,4,340.0,0.6441281138790036,target_first,1,6454761,29413.0,skipped_overlap,,,,2026-06-09 14:20:00+00:00
riz_fc5b939158e31a3792a26f0df607a565,1,south,6463261,6463266,30282.25,30173.25,30070.25,30070.0,109.0,103.25,0.48645465253239106,1.2893050763923115,5,112.0,0.9472477064220184,boundary_first,0,6463269,30174.5,taken_boundary_first,-108.75,-108.75,-108.75,2026-06-17 18:08:00+00:00
