ins,epoch,cond,hour,n,bp,m,t,usd,years_pos
NQ,2006-2012,A,0,1418,0.5920944990215865,0.04217391633354104,1.5881153649569295,1.9358251057827927,6/7
NQ,2006-2012,A,1,1541,0.3192738097547356,0.021395233688889015,0.839882154776458,1.537962362102531,5/7
NQ,2006-2012,A,2,1678,1.7847984476102392,0.08941432337692078,3.6627145419033678,5.601907032181168,6/7
NQ,2006-2012,A,3,1713,1.2276797677897722,0.04471868265805679,1.8508349119424772,5.061295971978984,5/7
NQ,2006-2012,A,4,1723,-0.40395492333376515,-0.017429254292537926,-0.7234715292595686,-1.5235055136390017,2/7
NQ,2006-2012,A,5,1722,-0.9089504141219649,-0.042462434368169946,-1.762063122738599,-2.9123112659698025,1/7
NQ,2006-2012,A,6,1728,-0.30161046340736447,-0.013388227633954749,-0.5565381716473747,-1.4930555555555556,4/7
NQ,2006-2012,A,7,1728,0.06253717226884847,0.0025306968621673373,0.10519909305189505,0.6568287037037037,3/7
NQ,2006-2012,A,8,1731,0.5193266336006584,0.014782496267280626,0.6150300164132956,0.9676487579433853,6/7
NQ,2006-2012,A,9,1734,1.3640545224870075,0.025145665741507374,1.0470988552577034,4.4521337946943484,5/7
NQ,2006-2012,A,10,1741,-0.232279414592212,-0.00422770267622402,-0.1764021290353339,-0.8357265939115451,4/7
NQ,2006-2012,A,11,1703,-1.20768513564699,-0.028389484603931155,-1.171560800743549,-5.1233118027011155,2/7
NQ,2006-2012,A,12,1704,-0.6885585405680621,-0.018766921337314533,-0.7746897839545461,-2.268192488262911,3/7
NQ,2006-2012,A,13,1688,-0.17090181481534025,-0.004098281558763898,-0.16837903375574514,-2.156398104265403,4/7
NQ,2006-2012,A,14,1683,-1.1752457571043837,-0.02568155937383988,-1.0535701276235399,-2.3618538324420677,3/7
NQ,2006-2012,A,15,1677,6.623737085798386,0.1029012962927765,4.213930582951806,19.472271914132378,5/7
NQ,2006-2012,A,16,1350,-1.9791826617380186,-0.06154550914087239,-2.261326400324029,-5.866666666666666,2/7
NQ,2006-2012,A,19,1559,0.49368123741108294,0.033354512233546796,1.316975366208748,1.5843489416292496,6/7
NQ,2006-2012,A,20,1541,1.5733219454788303,0.09204258671276036,3.613184468261181,5.064892926670993,6/7
NQ,2006-2012,A,21,1524,0.04888891323302632,0.0032509768280892444,0.1269130722709145,0.3838582677165354,3/7
NQ,2006-2012,A,22,1498,-0.6356075167222455,-0.04149087824146005,-1.6058631572824003,-2.553404539385848,2/7
NQ,2006-2012,A,23,1470,-0.1680693070914201,-0.01291859693658482,-0.4953064867439249,-0.7551020408163265,3/7
NQ,2006-2012,B,0,1427,0.3135175806427516,0.02239848042068473,0.8461172360833471,0.5150665732305536,5/7
NQ,2006-2012,B,1,1551,0.32416123277305975,0.021820210686761873,0.8593396260717668,0.9896840747904577,5/7
NQ,2006-2012,B,2,1687,1.0313700303571813,0.051575756007621924,2.1183764706225667,3.189093064611737,7/7
NQ,2006-2012,B,3,1723,0.5137846816503171,0.01862301472558484,0.7730233730487647,1.828206616366802,4/7
NQ,2006-2012,B,4,1733,-1.7251985327526917,-0.07425523935697909,-3.0911948678804757,-5.551067512983266,1/7
NQ,2006-2012,B,5,1732,-1.2112240285047355,-0.0566244531037063,-2.3565570839376924,-4.061778290993072,2/7
NQ,2006-2012,B,6,1738,-0.5813724092469719,-0.025715570926204502,-1.0720648497406382,-2.3388952819332567,2/7
NQ,2006-2012,B,7,1737,-0.2997536118967554,-0.012029243938755745,-0.5013467929637783,-0.7052389176741508,3/7
NQ,2006-2012,B,8,1740,2.165914254539469,0.0618401853357274,2.579558650021623,8.841954022988507,6/7
NQ,2006-2012,B,9,1742,1.9322867378518662,0.03560058797046116,1.4858714772192485,6.446613088404133,4/7
NQ,2006-2012,B,10,1749,-0.030196697643781863,-0.000553088482379339,-0.023130739600731535,1.6952544311034876,4/7
NQ,2006-2012,B,11,1711,1.2188316436104465,0.02850845399824684,1.1792304123335429,4.009351256575102,5/7
NQ,2006-2012,B,12,1711,-0.11283450388111783,-0.0030708252691580137,-0.12702234041088856,0.2104032729398013,4/7
NQ,2006-2012,B,13,1695,-1.6719626296748953,-0.04012515332935273,-1.6519677178590362,-5.106194690265487,3/7
NQ,2006-2012,B,14,1690,-0.9427989688329314,-0.020538897462170323,-0.844346055918433,-2.801775147928994,2/7
NQ,2006-2012,B,15,1683,4.058675970056884,0.06274238680316799,2.5739677061414934,11.928104575163399,5/7
NQ,2006-2012,B,16,1355,1.0380191170374056,0.03228385487265599,1.1883791784483004,3.3431734317343174,5/7
NQ,2006-2012,B,19,1570,-0.017190875146824564,-0.0011571481802665191,-0.045849943297868574,0.2929936305732484,4/7
NQ,2006-2012,B,20,1552,0.9852599005533741,0.056235587033650544,2.215425200379812,2.6804123711340204,5/7
NQ,2006-2012,B,21,1534,0.4294833625577354,0.02845895137454684,1.1146321702973374,1.6753585397653195,4/7
NQ,2006-2012,B,22,1507,-0.0883987237360216,-0.005753403704586494,-0.22334769499871726,-0.07631055076310551,3/7
NQ,2006-2012,B,23,1479,0.08298412071983402,0.006354795017079732,0.24439123910189775,0.68289384719405,4/7
NQ,2013-2019,A,0,1755,0.3765537671737285,0.03855137252449789,1.6150218598465416,3.831908831908832,5/7
NQ,2013-2019,A,1,1765,-0.18278562624276182,-0.01870846063871835,-0.7859780350400297,-2.9858356940509916,4/7
NQ,2013-2019,A,2,1766,0.6372150756781553,0.048482610562675214,2.0374236644921444,6.350509626274066,6/7
NQ,2013-2019,A,3,1772,-0.8321754835696367,-0.04352402903668454,-1.832149676078533,-8.132054176072234,0/7
NQ,2013-2019,A,4,1771,0.10164140275050222,0.006281551236960158,0.26434809627509354,0.42631281761716544,4/7
NQ,2013-2019,A,5,1771,0.07364097772159434,0.005165130588497915,0.217365486099646,1.6826651609260306,3/7
NQ,2013-2019,A,6,1772,-0.4139000450236997,-0.03206906710149971,-1.3499515601515448,-6.1258465011286685,2/7
NQ,2013-2019,A,7,1775,-0.07391900812679446,-0.00469408403647009,-0.19776527569586608,-1.4619718309859155,3/7
NQ,2013-2019,A,8,1775,0.598291171312351,0.032337956652289106,1.3624223305533638,3.907042253521127,5/7
NQ,2013-2019,A,9,1773,-0.5741696130152989,-0.016170116671645637,-0.680875208491705,-7.518330513254371,2/7
NQ,2013-2019,A,10,1773,1.1602250827837552,0.0323460646962779,1.3619959578017715,10.310208685843204,4/7
NQ,2013-2019,A,11,1765,-1.008981476941742,-0.034902368171115264,-1.4663149086998404,-11.580736543909348,1/7
NQ,2013-2019,A,12,1765,-0.34873315730964954,-0.014366428260202737,-0.6035609916044516,-6.169971671388102,3/7
NQ,2013-2019,A,13,1714,-0.2796775131435713,-0.011504248078990458,-0.47628142804554746,-4.130688448074679,2/7
NQ,2013-2019,A,14,1712,-0.5269757390173734,-0.018037073845841377,-0.7463077705341233,-7.140771028037383,3/7
NQ,2013-2019,A,15,1712,-0.4168651019960608,-0.013247176192626029,-0.5481194241753836,-4.123831775700935,3/7
NQ,2013-2019,A,16,1716,-0.7803909326748332,-0.03906642206095727,-1.6183120931447559,-9.105477855477856,1/7
NQ,2013-2019,A,19,1766,-0.1426853907706045,-0.01318221471919408,-0.553966791548543,-1.9450736126840318,3/7
NQ,2013-2019,A,20,1755,-0.31761527931618233,-0.021454141367789028,-0.8987723399782779,-5.39031339031339,2/7
NQ,2013-2019,A,21,1753,0.2736985610195572,0.019101264101992286,0.7997478245581451,3.208784940102681,6/7
NQ,2013-2019,A,22,1754,-0.043908155076855256,-0.003310850373939678,-0.13866100666147405,0.48745724059293044,3/7
NQ,2013-2019,A,23,1757,-0.041786093385733525,-0.0042034551887862835,-0.17619448179754102,-1.499715424018213,3/7
NQ,2013-2019,B,0,1765,0.06623078245235134,0.0067962963025825765,0.2855253415344394,1.2407932011331444,4/7
NQ,2013-2019,B,1,1775,-0.24000703879471755,-0.024603143241261626,-1.0365488492089105,-1.9549295774647888,2/7
NQ,2013-2019,B,2,1776,0.29413977253001417,0.02235967883642072,0.9422953369820716,3.918918918918919,5/7
NQ,2013-2019,B,3,1782,-1.0975264911883638,-0.05723466179796438,-2.416089237348025,-12.34287317620651,2/7
NQ,2013-2019,B,4,1781,-0.2495868537766369,-0.015348377930157996,-0.6477306444502048,-1.4710836608646827,2/7
NQ,2013-2019,B,5,1781,-0.02809281722445616,-0.0019720008766547443,-0.08322217530115232,0.4941044357102751,3/7
NQ,2013-2019,B,6,1782,0.12821869201944794,0.009940420706013389,0.4196223534488431,0.5892255892255892,4/7
NQ,2013-2019,B,7,1785,-0.35696950832740637,-0.022721683308022007,-0.9599743136380431,-4.19327731092437,2/7
NQ,2013-2019,B,8,1785,1.0827974258204307,0.05861913492090555,2.4766150926804236,9.775910364145659,6/7
NQ,2013-2019,B,9,1783,-0.4356432020582067,-0.012260521835805518,-0.5177077027711762,-2.299495232753786,3/7
NQ,2013-2019,B,10,1783,0.9659527746937515,0.026907695257732997,1.136193164149493,7.316320807627594,4/7
NQ,2013-2019,B,11,1775,-0.41467280008577456,-0.014394896623626703,-0.6064677746003464,-5.157746478873239,3/7
NQ,2013-2019,B,12,1775,0.028286594450901217,0.00116471481981362,0.04907030757393839,-1.267605633802817,4/7
NQ,2013-2019,B,13,1724,0.7454063211975607,0.03064647424271385,1.2724746776144795,6.725638051044084,4/7
NQ,2013-2019,B,14,1722,0.35363319474257354,0.01210889044598877,0.502482479623274,2.697444831591173,5/7
NQ,2013-2019,B,15,1722,1.417128424325755,0.04518341947382925,1.8749758085877473,16.117886178861788,5/7
NQ,2013-2019,B,16,1726,-0.2139848666560449,-0.010715050776674206,-0.4451584577329914,-3.5573580533024334,2/7
NQ,2013-2019,B,19,1776,-0.7097668990523986,-0.06578246448684796,-2.772245075371047,-7.14527027027027,1/7
NQ,2013-2019,B,20,1765,-0.0927443539827591,-0.006233072791418258,-0.2618632499737302,-2.331444759206799,4/7
NQ,2013-2019,B,21,1763,-0.028919776100658434,-0.0020186804745227975,-0.08476054461269777,0.3942144072603517,3/7
NQ,2013-2019,B,22,1764,-0.08090869739534863,-0.006116796858659781,-0.2569054680637108,-1.3321995464852607,3/7
NQ,2013-2019,B,23,1767,0.10114781775603413,0.010196249203111903,0.4286064635930419,0.5291454442558008,4/7
NQ,2020-2026,A,0,1607,-0.13574576116358575,-0.007574142713845743,-0.303627722753493,-4.113254511512134,1/7
NQ,2020-2026,A,1,1606,1.0378243551048547,0.05860280614035965,2.348503343273002,31.749688667496887,7/7
NQ,2020-2026,A,2,1607,0.41609028973838447,0.020023355878458052,0.8026843666604306,11.86994399502178,4/7
NQ,2020-2026,A,3,1606,-0.6433041700689855,-0.02416019231461696,-0.9682180114224885,-11.88667496886675,2/7
NQ,2020-2026,A,4,1608,0.6843147272258711,0.028246083788718936,1.1326644379665691,22.590174129353233,6/7
NQ,2020-2026,A,5,1602,0.5557262932316431,0.028031810186745935,1.1219729838627563,12.60923845193508,3/7
NQ,2020-2026,A,6,1603,1.0964788407320636,0.04902844545889395,1.9629755240393418,23.521522145976295,4/7
NQ,2020-2026,A,7,1609,-1.3331423664403483,-0.05364908973900501,-2.1519906484895595,-45.702299564947175,1/7
NQ,2020-2026,A,8,1608,2.6621552972567866,0.06477849732290425,2.597609665516536,80.28917910447761,7/7
NQ,2020-2026,A,9,1605,-0.663799710647266,-0.013446259907703999,-0.5386901320206009,-21.710280373831775,1/7
NQ,2020-2026,A,10,1606,-0.4978388368811333,-0.009425787900318143,-0.3777377885942906,-16.1612702366127,3/7
NQ,2020-2026,A,11,1606,0.4590810025687742,0.010943844616629474,0.43857380496177095,24.26214196762142,4/7
NQ,2020-2026,A,12,1606,0.6473426143680117,0.017484537390843498,0.70069160885622,10.675591531755915,4/7
NQ,2020-2026,A,13,1553,0.5487279184729765,0.013062819732475455,0.5147811804941709,13.325820991629104,3/7
NQ,2020-2026,A,14,1550,0.15508370400226934,0.004080428039643046,0.16064661256743962,7.7709677419354835,4/7
NQ,2020-2026,A,15,1550,1.69427882323413,0.03283427140734527,1.2926865579943874,25.912903225806453,4/7
NQ,2020-2026,A,16,1558,0.3593968087676684,0.013186789129910812,0.5205024620243323,8.498074454428755,5/7
NQ,2020-2026,A,19,1611,-0.09906070424483247,-0.005246981267817969,-0.21059947487210268,-7.641216635630044,2/7
NQ,2020-2026,A,20,1612,0.2318189046855586,0.010730947967103313,0.4308445540651038,-9.801488833746898,4/7
NQ,2020-2026,A,21,1612,0.14481778084642388,0.0062616270033678785,0.2514025696758905,0.5521091811414393,3/7
NQ,2020-2026,A,22,1612,0.47966721630940645,0.026059317160560296,1.0462742821698199,13.008684863523573,4/7
NQ,2020-2026,A,23,1610,1.0011686047872763,0.0715296569928358,2.8701135596898455,32.02795031055901,6/7
NQ,2020-2026,B,0,1607,-0.4688458287299739,-0.033884929505653374,-1.3583588757387273,-9.953329184816429,4/7
NQ,2020-2026,B,1,1607,0.501064085442307,0.0292727906279763,1.1734701989130292,13.329184816428127,6/7
NQ,2020-2026,B,2,1608,-0.17507496811801346,-0.008536794893639944,-0.34232441079504083,-3.9925373134328357,4/7
NQ,2020-2026,B,3,1607,0.9800800791692763,0.03755682226008053,1.505555525886832,30.49159925326696,5/7
NQ,2020-2026,B,4,1608,0.08945863945267542,0.003832650011909055,0.15368878759027496,6.169154228855722,3/7
NQ,2020-2026,B,5,1603,-0.9046415205257184,-0.04739686094417202,-1.897650987684503,-25.031191515907672,2/7
NQ,2020-2026,B,6,1604,1.2018913136693699,0.05387508511102567,2.1576954772013814,29.825436408977556,6/7
NQ,2020-2026,B,7,1609,-2.671276524013323,-0.1086635694920818,-4.358750288515004,-74.04909881914233,1/7
NQ,2020-2026,B,8,1609,1.5843443390197096,0.03855835301749929,1.5466658524588153,50.38844002486016,6/7
NQ,2020-2026,B,9,1606,0.8255716633801973,0.016796576187989135,0.6731216119336174,27.22291407222914,3/7
NQ,2020-2026,B,10,1606,0.015099931573082065,0.0002876862801476116,0.011529007486812693,-5.672478206724782,4/7
NQ,2020-2026,B,11,1606,2.0330496164019936,0.04885148660380649,1.9577198972027199,54.374221668742216,4/7
NQ,2020-2026,B,12,1606,0.3813347542074199,0.010413701803115866,0.41732836891615116,-6.027397260273973,4/7
NQ,2020-2026,B,13,1553,1.0427548961430686,0.024987443154072666,0.9847081830583384,35.98840952994205,4/7
NQ,2020-2026,B,14,1550,0.11474376230348146,0.003027044590637563,0.11917486470832515,-3.6870967741935483,3/7
NQ,2020-2026,B,15,1550,1.0625131816298803,0.022516102136972246,0.8864598275928681,1.7580645161290323,3/7
NQ,2020-2026,B,16,1558,-1.0760459731096876,-0.04022855695550256,-1.587881836339547,-31.729781771501926,3/7
NQ,2020-2026,B,19,1611,-0.3063328651132112,-0.016444166295707642,-0.6600238517767287,-13.119180633147113,3/7
NQ,2020-2026,B,20,1612,1.2002547743050107,0.056471072639050754,2.2672977432503156,26.86104218362283,7/7
NQ,2020-2026,B,21,1612,-0.05470234435216887,-0.00241361984084369,-0.09690616031303832,2.295285359801489,4/7
NQ,2020-2026,B,22,1612,-0.13389221911508728,-0.008253930811282005,-0.3313930093196563,2.6240694789081886,4/7
NQ,2020-2026,B,23,1610,0.23762163451553528,0.017187192971478894,0.6896327715563945,6.894409937888199,5/7
NQ,2021+,A,0,1352,-0.12082565913467538,-0.01029690305009015,-0.37861251854083783,-1.3683431952662721,1/6
NQ,2021+,A,1,1352,1.1701168761597307,0.08034378964810872,2.954205201292967,36.494082840236686,6/6
NQ,2021+,A,2,1353,0.5732597175636294,0.032985863589417234,1.2133239127243538,15.15521064301552,4/6
NQ,2021+,A,3,1353,-0.22605598272526153,-0.009486222503400336,-0.3489331292963992,-4.416112342941611,2/6
NQ,2021+,A,4,1353,0.6818159084407691,0.03182172601248267,1.170503267572324,22.13229859571323,5/6
NQ,2021+,A,5,1353,-0.2905927446114542,-0.01699908160367099,-0.6252797398551013,-2.657058388765706,2/6
NQ,2021+,A,6,1354,0.4694245711982845,0.025403367563774346,0.9347610856083073,14.782127031019202,3/6
NQ,2021+,A,7,1354,-1.5442052365142098,-0.06947833082263426,-2.5565760044598322,-54.94091580502216,1/6
NQ,2021+,A,8,1354,3.119878400430557,0.0796624620350249,2.9313188224808187,98.30502215657312,6/6
NQ,2021+,A,9,1351,-0.6180852318979564,-0.012805739118094926,-0.47068713105556076,-28.826794966691338,1/6
NQ,2021+,A,10,1351,-0.8481571032636286,-0.01685662450464457,-0.6195812794718533,-24.770540340488527,2/6
NQ,2021+,A,11,1351,0.673997488140817,0.01705627266360382,0.6269195375992789,29.037749814951887,4/6
NQ,2021+,A,12,1351,0.556367766735363,0.016698368167140584,0.6137644171428482,10.273871206513693,3/6
NQ,2021+,A,13,1306,0.6068714589215332,0.014605971119470226,0.5278396692175519,17.637825421133233,2/6
NQ,2021+,A,14,1304,0.1134464910041964,0.003185318783346699,0.11502485600951583,7.745398773006135,3/6
NQ,2021+,A,15,1304,-0.420894570178806,-0.00994071413320779,-0.35896853331666395,-10.782208588957054,3/6
NQ,2021+,A,16,1310,0.37740129987875554,0.014984315132779053,0.5423411352626177,9.66793893129771,4/6
NQ,2021+,A,19,1355,-0.37476957683529794,-0.023021348469730363,-0.8474233107893865,-12.55350553505535,1/6
NQ,2021+,A,20,1356,-0.11697601133821026,-0.006265820733329607,-0.23073198917959906,-17.529498525073745,3/6
NQ,2021+,A,21,1356,-0.10002035896434762,-0.005867661042271927,-0.21607019443015765,-4.273598820058997,2/6
NQ,2021+,A,22,1356,0.030699363166569637,0.002191459208500003,0.0806980863166927,5.2507374631268435,3/6
NQ,2021+,A,23,1354,0.8649588861905062,0.07708026129115347,2.8363022556992608,33.71861152141802,5/6
NQ,2021+,B,0,1353,-0.3859743772900324,-0.03292018217745012,-1.210907943606396,-7.719881744271988,4/6
NQ,2021+,B,1,1353,0.3299789697300151,0.022598198780821022,0.8312328974180693,9.242424242424242,5/6
NQ,2021+,B,2,1354,0.42758307302603665,0.02460728332511505,0.9054677816675339,7.459379615952733,4/6
NQ,2021+,B,3,1354,1.3149111292179845,0.055279968781050334,2.034122582387674,37.322747415066466,5/6
NQ,2021+,B,4,1354,0.4190026818754693,0.01955971536674941,0.719733740989718,14.46824224519941,3/6
NQ,2021+,B,5,1354,-0.7795314212179648,-0.045672869135900525,-1.6806126443331009,-21.34416543574594,2/6
NQ,2021+,B,6,1355,0.37997848046108884,0.020581696127218347,0.7576189160561692,17.70110701107011,5/6
NQ,2021+,B,7,1355,-2.2786167421456756,-0.10283441568101086,-3.7853682252399743,-71.53874538745387,1/6
NQ,2021+,B,8,1355,1.9201994443031922,0.048906670829050716,1.8002704302110886,65.52029520295203,6/6
NQ,2021+,B,9,1352,0.3517717990974221,0.007294889246274586,0.26822981401037027,14.585798816568047,2/6
NQ,2021+,B,10,1352,-0.1719703074332969,-0.003418511986179525,-0.12569715636374185,-7.71819526627219,3/6
NQ,2021+,B,11,1352,1.5086410566254698,0.03821126013086272,1.405010940123242,46.164940828402365,3/6
NQ,2021+,B,12,1352,-0.4828470371890152,-0.014496798551672569,-0.5330407971919157,-21.531065088757398,3/6
NQ,2021+,B,13,1307,1.4922386364921552,0.0359487493576713,1.2996355422030974,46.832440703902066,4/6
NQ,2021+,B,14,1305,-0.5044100631776168,-0.014163954627725909,-0.511669797778453,-16.551724137931036,2/6
NQ,2021+,B,15,1305,-1.3344244006249024,-0.03153904043121582,-1.139341014830518,-46.60919540229885,2/6
NQ,2021+,B,16,1311,-0.6754462289814299,-0.02682975106360661,-0.9714444892731215,-25.53394355453852,3/6
NQ,2021+,B,19,1356,-0.3985101367462122,-0.024573810971691198,-0.9049036875666873,-14.362094395280236,2/6
NQ,2021+,B,20,1357,0.6626361821390999,0.03553052450872676,1.3088550184115586,18.50773765659543,6/6
NQ,2021+,B,21,1357,0.4323712690692185,0.0253830030493604,0.9350458903400464,12.553426676492263,4/6
NQ,2021+,B,22,1357,0.1380273934506043,0.009857094679706992,0.3631105371192478,9.579955784819454,4/6
NQ,2021+,B,23,1355,0.19666272328666023,0.01748765296281611,0.6437261827286447,7.1881918819188195,4/6
ES,2006-2012,A,0,1534,0.6492651612097187,0.04612214159792087,1.8064341904751662,3.7157757496740547,5/7
ES,2006-2012,A,1,1622,0.5076887077503539,0.033740561034490045,1.3588694177041898,3.0517879161528976,6/7
ES,2006-2012,A,2,1693,1.7921365533684381,0.08956832912188879,3.6853857450470606,9.443295924394565,7/7
ES,2006-2012,A,3,1695,1.5671804615470806,0.057209695350804196,2.3553447657218776,10.265486725663717,5/7
ES,2006-2012,A,4,1696,0.1390454373837884,0.005788144152236094,0.2383703655765583,1.0023584905660377,5/7
ES,2006-2012,A,5,1697,-1.2585555775449044,-0.05850030379101337,-2.4099001156808404,-6.017972893341191,1/7
ES,2006-2012,A,6,1706,-0.5406780289193458,-0.0234809772815079,-0.9698524824557296,-3.3997655334114887,2/7
ES,2006-2012,A,7,1706,-0.06428909532389905,-0.002653377067861553,-0.10959443064506787,-0.7913247362250879,2/7
ES,2006-2012,A,8,1706,-1.1721708486280433,-0.03309361516482954,-1.366890501883888,-6.242672919109027,2/7
ES,2006-2012,A,9,1706,0.3322327213286166,0.007846645438039937,0.3240959039224561,2.4325908558030482,4/7
ES,2006-2012,A,10,1711,1.1839777398159614,0.024905066585995568,1.030179045878951,7.17416715371128,5/7
ES,2006-2012,A,11,1671,-0.26385673120803194,-0.007147449106935564,-0.29217247306727406,-1.7878515858767206,3/7
ES,2006-2012,A,12,1672,-0.6241362136248858,-0.018098320606433734,-0.7400420779042887,-4.1118421052631575,2/7
ES,2006-2012,A,13,1656,-0.5870336739108368,-0.015509616044842368,-0.6311480035661707,-3.1551932367149758,4/7
ES,2006-2012,A,14,1652,-0.43068539465092986,-0.009930507286727248,-0.4036235110264507,-1.4603510895883778,3/7
ES,2006-2012,A,15,1645,5.987450871482007,0.08961547512515985,3.6346781718934755,31.527355623100306,7/7
ES,2006-2012,A,16,1337,-1.481185164769401,-0.06430312158347772,-2.3512443221563375,-7.759910246821241,2/7
ES,2006-2012,A,19,1612,0.2575587266462749,0.016674381786036307,0.6694717565437373,0.9925558312655087,5/7
ES,2006-2012,A,20,1601,1.4786059579413675,0.0820580846521424,3.2833489519242156,7.92473454091193,6/7
ES,2006-2012,A,21,1598,0.0959180983216175,0.0062387932065079655,0.24939570965909733,0.7196495619524406,4/7
ES,2006-2012,A,22,1595,-0.4941051025045469,-0.03068927258944056,-1.2256513231951556,-2.80564263322884,3/7
ES,2006-2012,A,23,1592,-0.20205022135120054,-0.014537406673816743,-0.5800407045522676,-1.0285804020100502,3/7
ES,2006-2012,B,0,1558,0.38009754437278204,0.027026979919322302,1.0667956733440684,1.7008985879332477,4/7
ES,2006-2012,B,1,1647,0.1764210707286899,0.011773420558838133,0.4778036437033875,1.305403764420158,5/7
ES,2006-2012,B,2,1721,1.414290795072726,0.07105730288232905,2.9478077352669922,6.9291109819872165,6/7
ES,2006-2012,B,3,1723,0.7665651052022151,0.027954033757122448,1.1603449701171415,4.287579802669762,5/7
ES,2006-2012,B,4,1724,-1.2717141181691343,-0.05326210716535189,-2.2115001584696916,-6.518271461716937,2/7
ES,2006-2012,B,5,1725,-1.743428268262761,-0.08148200412476296,-3.3842017993057247,-9.181159420289855,1/7
ES,2006-2012,B,6,1734,-1.1153260859930814,-0.048821099404820004,-2.0329752977995765,-6.437427912341407,2/7
ES,2006-2012,B,7,1735,-0.4957106031945622,-0.02052756624295353,-0.8550415154336639,-2.9394812680115274,2/7
ES,2006-2012,B,8,1735,1.562257471280269,0.04427946738750773,1.844387320421218,9.531700288184439,5/7
ES,2006-2012,B,9,1733,1.7417619418969388,0.04143579639384198,1.7249438863622235,11.324293133294864,5/7
ES,2006-2012,B,10,1739,0.4274518268237153,0.009028654007164114,0.3765067802070757,3.9462334675100634,3/7
ES,2006-2012,B,11,1700,1.6411017814596143,0.04449733556789142,1.8346721460496995,8.933823529411764,5/7
ES,2006-2012,B,12,1701,0.12201714692172232,0.0035557564696648216,0.14665070857561194,0.5291005291005291,5/7
ES,2006-2012,B,13,1685,-1.639269032795909,-0.04353891744503871,-1.7872182029348669,-8.57566765578635,2/7
ES,2006-2012,B,14,1680,0.574827232361717,0.013345739052698785,0.547012524033395,3.2589285714285716,5/7
ES,2006-2012,B,15,1673,4.993109659443267,0.075219873585735,3.076667540783512,25.268977884040645,3/7
ES,2006-2012,B,16,1356,0.18675491421489965,0.008108578498058433,0.29858952656019605,1.060103244837758,4/7
ES,2006-2012,B,19,1639,-0.1872820109417865,-0.012170693274925865,-0.4927252224969022,-1.0753508236729714,5/7
ES,2006-2012,B,20,1629,0.7154156571237429,0.039485706592567414,1.5936775551883857,3.7523020257826887,5/7
ES,2006-2012,B,21,1625,0.649388376436355,0.04269031584354508,1.7209016484346682,4.576923076923077,4/7
ES,2006-2012,B,22,1622,-0.04138536347817486,-0.00259255315200595,-0.10441264412978463,-0.531750924784217,4/7
ES,2006-2012,B,23,1620,-0.0329530335767609,-0.0023898773291432837,-0.0961907069853004,0.4861111111111111,4/7
ES,2013-2019,A,0,1726,0.49095695035401615,0.05700948299512056,2.3684678733869804,5.337485515643105,4/7
ES,2013-2019,A,1,1735,0.04791789856383971,0.006060004746627912,0.2524193847807259,-0.03602305475504323,4/7
ES,2013-2019,A,2,1735,0.7652510971719069,0.06723010306203224,2.800357749407049,8.760806916426512,7/7
ES,2013-2019,A,3,1735,-0.6344685874057234,-0.038678338832972524,-1.611081657649211,-7.017291066282421,0/7
ES,2013-2019,A,4,1735,-0.3996841766546294,-0.02824647357843502,-1.1765597191753123,-4.661383285302594,3/7
ES,2013-2019,A,5,1735,0.17583400576341673,0.014367086377296725,0.5984370072427367,2.319884726224784,5/7
ES,2013-2019,A,6,1735,-0.47528621060915727,-0.0399462566039215,-1.6638946564960486,-6.455331412103747,2/7
ES,2013-2019,A,7,1738,0.028566201558187992,0.0020975323802089716,0.0874447136510358,0.18699654775604144,3/7
ES,2013-2019,A,8,1738,0.3153553027672185,0.019436108576433693,0.8102782893808582,1.7908515535097813,4/7
ES,2013-2019,A,9,1736,-1.4039242603396822,-0.056103621111719466,-2.337576073629913,-15.913018433179724,2/7
ES,2013-2019,A,10,1736,0.39565973849295183,0.015009210456972188,0.6253637564396918,3.2690092165898617,4/7
ES,2013-2019,A,11,1729,-0.7281015640295556,-0.031517274143401705,-1.3105275222386799,-9.731058415268942,2/7
ES,2013-2019,A,12,1730,-0.26653143569957244,-0.013931838728784727,-0.5794707115387441,-3.786127167630058,2/7
ES,2013-2019,A,13,1681,-0.23481526231783614,-0.012002743694731066,-0.4921124914839737,-3.725461035098156,2/7
ES,2013-2019,A,14,1679,-0.6065519637690164,-0.024843769766132607,-1.0179884344664154,-7.042882668254913,3/7
ES,2013-2019,A,15,1679,-1.1334201548553704,-0.04147480271382922,-1.6994550296473345,-13.676295413936867,2/7
ES,2013-2019,A,16,1680,-0.7456748626945725,-0.05646906199538945,-2.3145427922667037,-8.705357142857142,1/7
ES,2013-2019,A,19,1732,0.10315615398864823,0.010812332449706644,0.44998012751804956,0.9743071593533488,4/7
ES,2013-2019,A,20,1725,0.030532273931999834,0.002255164069563286,0.09366399837514915,-0.8115942028985508,4/7
ES,2013-2019,A,21,1725,0.2293219324320254,0.018232564987033968,0.7572552970175047,2.347826086956522,4/7
ES,2013-2019,A,22,1725,0.1577267116651396,0.013481202928902203,0.5599164097503004,1.5724637681159421,2/7
ES,2013-2019,A,23,1726,0.0036072375951433965,0.00042331074605799027,0.017586511047357447,-0.17381228273464658,4/7
ES,2013-2019,B,0,1763,0.11675159686688288,0.013636505160983858,0.5725708544003667,1.6023823028927964,4/7
ES,2013-2019,B,1,1772,-0.06215391743789919,-0.007304329846029114,-0.3074767170588311,-0.31743792325056436,4/7
ES,2013-2019,B,2,1772,0.5106552249250023,0.04511028191265062,1.8989231976757714,5.255361173814898,6/7
ES,2013-2019,B,3,1772,-0.3879862354584006,-0.02330900638536041,-0.9811956623467882,-5.7491534988713315,2/7
ES,2013-2019,B,4,1772,-0.2662227060414562,-0.018928985065607574,-0.7968180939135345,-1.4531602708803613,3/7
ES,2013-2019,B,5,1772,-0.16076610226378585,-0.013181648206738563,-0.5548831996183441,-0.952313769751693,2/7
ES,2013-2019,B,6,1772,0.005668069729598126,0.0004788709004295175,0.02015813297904668,0.31038374717832956,4/7
ES,2013-2019,B,7,1775,-0.2888399870522686,-0.021204140205970497,-0.89334630593469,-2.0985915492957745,2/7
ES,2013-2019,B,8,1775,1.1676216223422635,0.07211890419555976,3.038423441145717,11.295774647887324,5/7
ES,2013-2019,B,9,1773,-0.8490835229509647,-0.03407911141521877,-1.4349693673352877,-9.665820642978003,3/7
ES,2013-2019,B,10,1773,-0.020019564332781258,-0.0007609147567069839,-0.03203984263921558,-1.5651438240270727,2/7
ES,2013-2019,B,11,1765,-0.8422599589343077,-0.03671545800750705,-1.5424862631729623,-9.780453257790368,3/7
ES,2013-2019,B,12,1766,-0.3257494427064037,-0.017080636357805965,-0.7177932936385705,-4.728199320498301,3/7
ES,2013-2019,B,13,1716,-0.25078335145394254,-0.012892930730360706,-0.5340848896902824,-3.1104312354312356,3/7
ES,2013-2019,B,14,1714,0.2730212263649026,0.010870709633087419,0.45005263032972703,1.852392065344224,5/7
ES,2013-2019,B,15,1714,0.890243925986902,0.03169513240349067,1.3121937930733458,9.18173862310385,5/7
ES,2013-2019,B,16,1717,-0.024883834822017576,-0.001868994255430483,-0.07744495185336997,-1.0410599883517764,4/7
ES,2013-2019,B,19,1770,-0.2056185302442122,-0.021627635621391913,-0.9099042158117027,-2.598870056497175,3/7
ES,2013-2019,B,20,1763,0.4785089122658644,0.03544457864472925,1.4882502839906078,5.190017016449234,4/7
ES,2013-2019,B,21,1763,0.4568628320840149,0.03625469075477462,1.5222653470535323,5.197107203630176,5/7
ES,2013-2019,B,22,1763,-0.0427647714480409,-0.0036810362249604213,-0.1545596933761747,-1.1698808848553601,3/7
ES,2013-2019,B,23,1764,0.06790217621525126,0.008005248656396576,0.33622044356865616,0.6235827664399093,4/7
ES,2020-2026,A,0,1602,0.21637703586564397,0.013346259850282635,0.5341839463050239,2.520287141073658,3/7
ES,2020-2026,A,1,1599,0.5918582840107085,0.0407539138302785,1.62964704966589,12.78142589118199,6/7
ES,2020-2026,A,2,1599,0.20301352652096163,0.011139637328177474,0.4454462258965909,5.886491557223264,5/7
ES,2020-2026,A,3,1599,-0.27430153127620577,-0.012221584874442354,-0.48871060128901833,-4.8467792370231395,2/7
ES,2020-2026,A,4,1599,0.6373593405470059,0.030166822900559866,1.2062957717981422,14.008755472170106,5/7
ES,2020-2026,A,5,1593,0.7519330191354764,0.04335970933984044,1.7305902402644207,12.570621468926554,3/7
ES,2020-2026,A,6,1594,0.5478856206500362,0.02532491107141985,1.0110952905220487,7.583124215809285,3/7
ES,2020-2026,A,7,1599,-1.378271025788389,-0.06584865267975577,-2.633122870380878,-32.395247029393374,0/7
ES,2020-2026,A,8,1599,1.4527204228052273,0.0417979573215744,1.6713957367342998,33.42714196372733,6/7
ES,2020-2026,A,9,1596,0.18439316165548666,0.00500233670331183,0.19984319477857598,-1.730889724310777,3/7
ES,2020-2026,A,10,1596,-0.545740663820431,-0.013370915910206187,-0.534167672248496,-11.458333333333334,2/7
ES,2020-2026,A,11,1596,0.5583921738268128,0.0169089779843188,0.6755131414064331,16.55701754385965,4/7
ES,2020-2026,A,12,1596,-0.01741007192408648,-0.0005764318948999572,-0.023028436165204457,-5.8427318295739346,2/7
ES,2020-2026,A,13,1543,0.6575657502733917,0.018849020791213766,0.7404091148326583,10.806869734283863,4/7
ES,2020-2026,A,14,1540,0.43351857390827125,0.013552033850458094,0.531820211241827,11.477272727272727,6/7
ES,2020-2026,A,15,1540,1.3726701271527522,0.030730578050110646,1.2059549651760098,26.11201298701299,5/7
ES,2020-2026,A,16,1548,-0.08001469237638147,-0.003949796828946725,-0.1554032993358068,4.570413436692506,5/7
ES,2020-2026,A,19,1603,-0.011314653539007598,-0.000672649463393038,-0.02693119107775436,-1.3568309419837805,4/7
ES,2020-2026,A,20,1604,0.5013928753694334,0.028428936976594633,1.1385780386171078,6.405860349127182,5/7
ES,2020-2026,A,21,1604,0.23638111714848864,0.011960475913048945,0.4790166870192154,3.802992518703242,4/7
ES,2020-2026,A,22,1604,0.28152798711252375,0.017077012459580928,0.6839338160156072,2.291147132169576,3/7
ES,2020-2026,A,23,1603,0.7625310159491968,0.06464279934997899,2.58813494373961,16.66406737367436,6/7
ES,2020-2026,B,0,1609,-0.3894366017771655,-0.03142873589010968,-1.2606802102029213,-7.496892479801119,3/7
ES,2020-2026,B,1,1606,-0.03122820194680687,-0.00217976410300846,-0.08735389345010003,0.40473225404732255,4/7
ES,2020-2026,B,2,1606,-0.11952982434028746,-0.006568383459134063,-0.2632275061492604,-3.790473225404732,4/7
ES,2020-2026,B,3,1606,0.8443963783087336,0.038541653841517455,1.5445540728080736,20.298879202988793,3/7
ES,2020-2026,B,4,1606,0.26408343577129384,0.012690345420320952,0.5085647020985825,4.864570361145703,5/7
ES,2020-2026,B,5,1600,-0.5868497401859971,-0.03487596196151683,-1.395038478460673,-12.0703125,2/7
ES,2020-2026,B,6,1601,0.5418781780057085,0.025083590045682936,1.0036570977268053,6.93316677076827,4/7
ES,2020-2026,B,7,1606,-2.1887154596717426,-0.10535524246009613,-4.222103947655006,-46.39632627646326,0/7
ES,2020-2026,B,8,1606,0.10433581212058529,0.003003191466984133,0.12035268727249214,6.109900373599004,4/7
ES,2020-2026,B,9,1603,-0.26396953883956864,-0.007184707020303703,-0.2876575811499932,-9.903306300686213,3/7
ES,2020-2026,B,10,1603,-0.23039113405703507,-0.005662142426618328,-0.22669792796908397,-8.632252027448533,3/7
ES,2020-2026,B,11,1603,0.6274848010139241,0.019031793979975245,0.7619851172432726,14.067373674360574,4/7
ES,2020-2026,B,12,1603,0.6201313701912338,0.02055625697786822,0.8230207777493043,3.0099812850904555,4/7
ES,2020-2026,B,13,1550,0.7507420191557919,0.02167087448968165,0.853183181842375,17.879032258064516,4/7
ES,2020-2026,B,14,1547,1.1676706588883872,0.03663037189171779,1.4407428889985279,25.888817065287654,5/7
ES,2020-2026,B,15,1547,1.23357543998656,0.029145650434071066,1.14635441682805,12.62120232708468,4/7
ES,2020-2026,B,16,1555,0.11581306247386577,0.005746572709761135,0.22660740775144264,2.6607717041800645,4/7
ES,2020-2026,B,19,1610,0.2839530346981688,0.017067410246664073,0.684826513045438,6.24223602484472,3/7
ES,2020-2026,B,20,1611,0.8224092113774487,0.046901366127945564,1.8824925367871985,15.650217256362508,6/7
ES,2020-2026,B,21,1611,0.2532585102759926,0.013062246973979908,0.5242828615078862,6.696151458721291,3/7
ES,2020-2026,B,22,1611,-0.3732704476987184,-0.022693300637459862,-0.910847009627556,-2.436374922408442,3/7
ES,2020-2026,B,23,1610,-0.0015423202444212593,-0.00013128803604272335,-0.005267906883839941,1.2577639751552796,4/7
ES,2021+,A,0,1346,-0.14099920747720557,-0.015464416548401303,-0.5673565450222655,-2.015230312035661,2/6
ES,2021+,A,1,1343,0.5891030777533345,0.055121523575563124,2.0200365123468185,13.002606105733433,5/6
ES,2021+,A,2,1343,0.3894152328011969,0.02834663382728907,1.038818080831039,8.441921072226359,5/6
ES,2021+,A,3,1343,-0.056749901902483295,-0.002908989904951436,-0.10660564949723761,-1.9545793000744602,2/6
ES,2021+,A,4,1343,0.4807109805083622,0.028919152096029712,1.059799137445998,11.680938198064036,4/6
ES,2021+,A,5,1343,-0.23841212235018347,-0.017303821795983672,-0.6341325414039524,-2.252419955323902,2/6
ES,2021+,A,6,1344,0.2653823982371426,0.017197644854745772,0.6304760745747227,5.784970238095238,2/6
ES,2021+,A,7,1344,-1.2732558136424028,-0.07271076657644505,-2.665620733398596,-33.779761904761905,0/6
ES,2021+,A,8,1344,1.6638815634699258,0.05492224039547755,2.013482591590698,40.97842261904762,5/6
ES,2021+,A,9,1341,0.30870747029789264,0.009785968762135543,0.35835891584652063,-2.861670395227442,3/6
ES,2021+,A,10,1341,-0.5142106904143132,-0.013922799975032527,-0.509848296665911,-12.03392990305742,2/6
ES,2021+,A,11,1341,0.8888347599576749,0.02982496859353842,1.0921804136236133,21.094332587621178,4/6
ES,2021+,A,12,1341,-0.13303376800890201,-0.005260028776160466,-0.19262050138968723,-7.680835197613721,1/6
ES,2021+,A,13,1296,0.47678577526827887,0.014142801080703577,0.5091408389053288,8.873456790123457,3/6
ES,2021+,A,14,1294,0.18257516689032294,0.0063545007332666496,0.2285854443362433,7.7762751159196295,5/6
ES,2021+,A,15,1294,0.4347285777318995,0.012204272915745227,0.4390146864948578,14.731452859350851,4/6
ES,2021+,A,16,1300,0.5107851780450186,0.030966566868187634,1.1165154466833482,14.461538461538462,5/6
ES,2021+,A,19,1347,-0.15852728574684943,-0.012299947206367502,-0.4514264952607336,-2.255011135857461,3/6
ES,2021+,A,20,1348,0.19724628991128162,0.013545825661518403,0.4973366079073947,1.8267804154302671,4/6
ES,2021+,A,21,1348,0.02729748497908046,0.0020283352144265273,0.07447056978651022,0.8902077151335311,3/6
ES,2021+,A,22,1348,-0.2434525556663077,-0.02215203965487812,-0.8133147831279735,-5.8234421364985165,2/6
ES,2021+,A,23,1347,0.6370439840207685,0.071288251554138,2.6163856651100272,16.92650334075724,5/6
ES,2021+,B,0,1352,-0.26280460828957103,-0.02886194318530215,-1.0612407387164966,-5.658284023668639,3/6
ES,2021+,B,1,1349,0.11607537871788311,0.010898392833328222,0.40028418605476956,2.4925871015567087,4/6
ES,2021+,B,2,1349,-0.10529348118114674,-0.007670722219428914,-0.2817359262979199,-3.845441067457376,4/6
ES,2021+,B,3,1349,1.1552283171495938,0.059402406855697934,2.181775280224128,26.195329873980725,3/6
ES,2021+,B,4,1349,0.25091800322165636,0.015126628659512751,0.5555819406884704,4.855448480355819,4/6
ES,2021+,B,5,1349,-0.539080059260699,-0.0392497033787219,-1.4415919677438251,-11.304670126019273,2/6
ES,2021+,B,6,1350,-0.0013787912865045949,-8.937209640332381e-05,-0.003283740501464566,0.5092592592592593,3/6
ES,2021+,B,7,1350,-1.5638963924639304,-0.08944076731223567,-3.286263631769674,-39.77777777777778,0/6
ES,2021+,B,8,1350,0.582860184842597,0.0192298230465814,0.7065488146220505,16.666666666666668,4/6
ES,2021+,B,9,1347,-0.7692274086091127,-0.02433231061326093,-0.8930322640778123,-21.58500371195249,2/6
ES,2021+,B,10,1347,0.005084518129871003,0.0001379142589467645,0.005061659982620823,-4.9832962138084635,3/6
ES,2021+,B,11,1347,1.0100105569898032,0.03389689629421606,1.2440668921239681,20.28582034149963,4/6
ES,2021+,B,12,1347,-0.4357131163619376,-0.017153230599311366,-0.629549268946264,-12.592798812175204,3/6
ES,2021+,B,13,1302,0.864561343967046,0.02565481894993703,0.9257089150650818,20.276497695852534,3/6
ES,2021+,B,14,1300,0.4842038542218877,0.01684899567844904,0.6074991785871917,16.33653846153846,4/6
ES,2021+,B,15,1300,-0.6286736745167918,-0.01763142276155509,-0.6357099882616977,-15.39423076923077,3/6
ES,2021+,B,16,1306,0.2668653117144041,0.016155563208182518,0.5838397919644535,5.790581929555896,4/6
ES,2021+,B,19,1353,0.22569225666809123,0.017543526446929882,0.6453061352743018,6.651884700665189,2/6
ES,2021+,B,20,1354,0.5008627096952961,0.03444442484385801,1.2674425105005527,11.539881831610044,5/6
ES,2021+,B,21,1354,0.36173788839140836,0.026945647265794063,0.9915119492468528,9.859675036927621,3/6
ES,2021+,B,22,1354,0.05956161662714145,0.005422722843949658,0.19953851708195425,3.9697193500738552,3/6
ES,2021+,B,23,1353,0.10144164932994504,0.01133768293138504,0.41703567281923787,2.9841093865484107,4/6
YM,2006-2012,A,0,1510,0.5966641218016222,0.04813175921941383,1.8703384802727552,3.23841059602649,6/7
YM,2006-2012,A,1,1598,0.28992719161506686,0.021219867012985737,0.8482640179602001,1.6426783479349187,6/7
YM,2006-2012,A,2,1690,1.5409676386144353,0.08885413808562208,3.6527589264618276,7.677514792899408,7/7
YM,2006-2012,A,3,1704,0.7023437827882757,0.029234540261752852,1.2067882244679664,4.809272300469484,5/7
YM,2006-2012,A,4,1708,-0.030603211586048555,-0.0014890294368027938,-0.06153854399918997,-0.29859484777517564,4/7
YM,2006-2012,A,5,1707,-0.9498382101505831,-0.05055324167082382,-2.0886504795041274,-4.2765084944346805,1/7
YM,2006-2012,A,6,1711,-0.44909148549863726,-0.023062523220924197,-0.9539636477283124,-2.4430157802454704,3/7
YM,2006-2012,A,7,1717,-0.11353661522198565,-0.00518161560393443,-0.21470904461230883,-0.9289458357600466,3/7
YM,2006-2012,A,8,1722,-0.5610386250159883,-0.01829683665942489,-0.7592636084122323,-3.2026713124274098,3/7
YM,2006-2012,A,9,1725,0.041245310991877025,0.001061778272038982,0.04409896365823464,0.7536231884057971,4/7
YM,2006-2012,A,10,1728,0.4954072958305517,0.01138747349742524,0.4733683840172298,2.8761574074074074,5/7
YM,2006-2012,A,11,1701,0.024877796107783814,0.0007358608697084568,0.03034924322755536,-0.5731922398589065,3/7
YM,2006-2012,A,12,1704,-0.4640589812949675,-0.014718603673134921,-0.6075771137262682,-2.7024647887323945,3/7
YM,2006-2012,A,13,1690,-0.48595409755188534,-0.014248426912130921,-0.585747267518056,-2.668639053254438,3/7
YM,2006-2012,A,14,1683,-0.860062390358338,-0.021764073430855714,-0.8928576839267794,-3.294711824123589,3/7
YM,2006-2012,A,15,1680,6.600961955038274,0.1042312532766093,4.272210082398722,32.401785714285715,7/7
YM,2006-2012,A,16,1445,-0.2901199013004374,-0.014712520699741483,-0.5592693388849104,-0.9273356401384083,3/7
YM,2006-2012,A,19,1239,0.10892736861540535,0.0071257927024329865,0.25082385434711046,0.29459241323648105,5/6
YM,2006-2012,A,20,1591,1.4067650892547723,0.08441443225651299,3.3670672743122267,7.328724072910119,6/7
YM,2006-2012,A,21,1584,0.3004663892302012,0.021712668072243483,0.8641532783179311,1.6098484848484849,6/7
YM,2006-2012,A,22,1564,-0.27228814172102556,-0.018884784816355714,-0.7468448919179489,-1.7263427109974425,3/7
YM,2006-2012,A,23,1556,-0.032692164877356926,-0.002659624782968976,-0.10491200027880697,-0.20244215938303342,3/7
YM,2006-2012,B,0,1516,0.22784942174442424,0.018329824233465655,0.7136871891434602,0.7091029023746702,4/7
YM,2006-2012,B,1,1602,0.15156985764820896,0.011053418518435618,0.4424129898994831,1.0018726591760299,5/7
YM,2006-2012,B,2,1695,0.9977169876997688,0.05751760767443096,2.3680216323842234,4.380530973451328,6/7
YM,2006-2012,B,3,1708,0.9930719828739439,0.041283094233843624,1.7061459284424838,5.705503512880562,4/7
YM,2006-2012,B,4,1713,-0.9706615883920633,-0.047198180358476595,-1.9534573649138474,-4.7081144191476945,1/7
YM,2006-2012,B,5,1711,-1.6706758558116588,-0.08929736428165383,-3.6937172288833655,-8.582700175336061,2/7
YM,2006-2012,B,6,1714,-0.6710853135994642,-0.0344846856805002,-1.4276826463439567,-3.792298716452742,2/7
YM,2006-2012,B,7,1721,-0.7579319583829526,-0.034679385446775644,-1.438672121338474,-4.2242882045322485,1/7
YM,2006-2012,B,8,1728,1.4588963316423202,0.047646131815917876,1.9806125061430497,8.77025462962963,5/7
YM,2006-2012,B,9,1730,1.0003589522712408,0.02578850370950607,1.0726281638037996,6.985549132947977,5/7
YM,2006-2012,B,10,1733,0.8044616356937774,0.018522994406389763,0.7710995983939175,4.867282169648009,6/7
YM,2006-2012,B,11,1706,1.6821177184453666,0.05001669491579767,2.065877205482399,8.118405627198124,5/7
YM,2006-2012,B,12,1709,0.30787156109915703,0.009828768557460683,0.4063218152248564,1.3077823288472792,4/7
YM,2006-2012,B,13,1696,-1.8614198540130833,-0.054733031393569,-2.254044190892867,-8.54068396226415,1/7
YM,2006-2012,B,14,1690,-0.5312471252944284,-0.013474697982206917,-0.5539395732864353,-3.0828402366863905,3/7
YM,2006-2012,B,15,1687,4.39551309732181,0.06933285993183629,2.84771587446759,20.92471843509188,5/7
YM,2006-2012,B,16,1447,0.6600485185573535,0.03351125252734244,1.2747497222951463,3.9080856945404285,6/7
YM,2006-2012,B,19,1242,-0.5039191020934745,-0.032970650930217296,-1.1619523518073795,-2.632850241545894,4/6
YM,2006-2012,B,20,1595,0.7053748684122999,0.04224275348275027,1.6870679013537169,3.4106583072100314,6/7
YM,2006-2012,B,21,1588,0.7458894289636486,0.05401076419703539,2.152313705491521,4.206549118387909,5/7
YM,2006-2012,B,22,1569,0.08969504523095838,0.006240773038650539,0.2472007934861812,0.28680688336520077,4/7
YM,2006-2012,B,23,1562,-0.14513486287570573,-0.011835177485941912,-0.4677516088751505,-0.3873239436619718,2/7
YM,2013-2019,A,0,1759,0.4492052338105452,0.05481588820033837,2.2990021385328725,4.687322342239909,5/7
YM,2013-2019,A,1,1772,-0.15652046390591157,-0.018877345915678564,-0.7946443371656088,-2.0936794582392775,3/7
YM,2013-2019,A,2,1773,0.6261629742467504,0.056998870177390026,2.4000517994946815,6.3790186125211505,5/7
YM,2013-2019,A,3,1773,-0.3475468728607674,-0.02139932538636773,-0.9010615340564605,-3.0710659898477157,2/7
YM,2013-2019,A,4,1776,-0.3000791898488055,-0.021991855280170045,-0.9267942904588714,-3.4177927927927927,3/7
YM,2013-2019,A,5,1775,-0.1262522783770971,-0.010702056770478505,-0.45088566614543985,-1.0845070422535212,4/7
YM,2013-2019,A,6,1772,-0.3555421480117332,-0.031139235530271005,-1.3108101789481093,-4.3538374717832955,2/7
YM,2013-2019,A,7,1776,0.05905771575699875,0.004338429069774984,0.1828327460418409,0.678490990990991,3/7
YM,2013-2019,A,8,1779,0.08725734260598,0.005504412984130045,0.23216619549678183,-0.7785272625070264,4/7
YM,2013-2019,A,9,1777,-0.7894077622016524,-0.030201232837559336,-1.2731171996883692,-6.9471018570624645,1/7
YM,2013-2019,A,10,1777,0.3092388516241277,0.011878331717853562,0.5007248708998518,2.1553179516038266,4/7
YM,2013-2019,A,11,1769,-0.704529910675935,-0.03106884669603602,-1.30673958872973,-9.095534200113057,2/7
YM,2013-2019,A,12,1769,-0.244029897733712,-0.013029073180074395,-0.5479960648501386,-2.309214245336348,3/7
YM,2013-2019,A,13,1719,-0.25135351049825044,-0.013274877651817138,-0.5503873776686358,-3.9121582315299595,3/7
YM,2013-2019,A,14,1717,-0.4544814322423215,-0.018970827284735953,-0.7860884544808703,-5.500873616773442,5/7
YM,2013-2019,A,15,1717,-0.8093687620771861,-0.029590353230313924,-1.2261265515329505,-8.814793244030286,1/7
YM,2013-2019,A,16,1722,-0.28123046737327173,-0.02258429631507268,-0.9371802696178272,-3.347851335656214,2/7
YM,2013-2019,A,19,1767,0.11580535790380145,0.01252383552100949,0.5264481817139721,1.0724391624221845,4/7
YM,2013-2019,A,20,1762,-0.28181427449225316,-0.02044805175119743,-0.858331177098572,-3.6038592508513054,3/7
YM,2013-2019,A,21,1762,-0.04809856095140169,-0.0040687291335331464,-0.17078972163087616,-0.8399545970488081,4/7
YM,2013-2019,A,22,1762,0.037446132359691305,0.00341420633133073,0.14331535223432193,0.34619750283768447,3/7
YM,2013-2019,A,23,1763,0.0847521108864879,0.010404966881395998,0.436884722805223,0.553034600113443,3/7
YM,2013-2019,B,0,1763,-0.07453615212470384,-0.00910715888686714,-0.3823922393204441,-0.15314804310833807,3/7
YM,2013-2019,B,1,1776,-0.07832685602373085,-0.00942684563071489,-0.39727192618721907,-0.5320945945945946,2/7
YM,2013-2019,B,2,1777,0.23113614913974467,0.02102816551419483,0.886431336694358,2.456387169386607,4/7
YM,2013-2019,B,3,1777,-0.5588694719674472,-0.03451376733877493,-1.4549098396536846,-6.108610016882386,2/7
YM,2013-2019,B,4,1780,-0.11433390397111516,-0.008373416050961605,-0.3532748102048214,-0.1151685393258427,4/7
YM,2013-2019,B,5,1779,-0.21708156265886874,-0.01844184136400288,-0.7778435520336269,-1.9505340078695896,3/7
YM,2013-2019,B,6,1776,-0.06561693691347399,-0.005715509848942472,-0.24086653115791015,-0.5546171171171171,2/7
YM,2013-2019,B,7,1780,-0.17054004135585202,-0.012522226600322511,-0.5283133190381328,-0.9634831460674157,3/7
YM,2013-2019,B,8,1783,0.7240615910353552,0.04575658433449488,1.932098525634296,5.877734155916994,6/7
YM,2013-2019,B,9,1781,-0.5015724612899135,-0.019201863941549407,-0.8103550591535971,-5.294778214486244,3/7
YM,2013-2019,B,10,1781,-0.35341195924563334,-0.013586872646944663,-0.5733917822270963,-4.525547445255475,4/7
YM,2013-2019,B,11,1773,-0.9481009029721089,-0.04189514606706262,-1.7640791895596548,-11.049069373942471,2/7
YM,2013-2019,B,12,1773,-0.696926871311793,-0.03706636677709343,-1.5607537484029212,-7.216582064297801,2/7
YM,2013-2019,B,13,1722,-0.33902433567264106,-0.0179551446779743,-0.7450844204120999,-3.0226480836236935,2/7
YM,2013-2019,B,14,1720,-0.03913118030492494,-0.0016163431973444204,-0.06703441183716558,-2.558139534883721,4/7
YM,2013-2019,B,15,1720,0.7862610585990069,0.028718591855237383,1.1910427915125703,6.863372093023256,4/7
YM,2013-2019,B,16,1725,-0.3419021080406651,-0.02748932918203332,-1.1417175887954407,-4.794202898550725,3/7
YM,2013-2019,B,19,1771,-0.25783079360276034,-0.027893460573711955,-1.173847497700814,-2.552230378317335,2/7
YM,2013-2019,B,20,1766,-0.07170891777682807,-0.005201692711380683,-0.21859490861951064,-0.8607021517553793,3/7
YM,2013-2019,B,21,1766,0.1495103937606256,0.012591421159153982,0.5291393994983729,1.6223103057757644,3/7
YM,2013-2019,B,22,1766,-0.06539124985568497,-0.005966062204800292,-0.25071662146118506,-1.6138165345413364,3/7
YM,2013-2019,B,23,1767,0.07168332810961905,0.008800363049502408,0.36992941324255985,0.47538200339558573,4/7
YM,2020-2026,A,0,1615,0.13132020009062007,0.008206631219254636,0.329800402500792,-0.8823529411764706,2/7
YM,2020-2026,A,1,1615,0.3316615748873817,0.02420040334555481,0.9725431240677083,5.328173374613003,5/7
YM,2020-2026,A,2,1616,0.03489956059540286,0.00198580941349493,0.07982855045150028,0.027846534653465347,4/7
YM,2020-2026,A,3,1615,-0.39424135173440183,-0.01826239036903808,-0.7339118248915757,-6.690402476780186,3/7
YM,2020-2026,A,4,1615,0.45605195877298127,0.0239857623463054,0.9639173327954574,6.938080495356037,4/7
YM,2020-2026,A,5,1611,0.7087899291273342,0.043022590691149776,1.726809101218977,10.232774674115456,4/7
YM,2020-2026,A,6,1612,0.6831074423302637,0.029749708014521974,1.1944424409080132,7.397642679900744,6/7
YM,2020-2026,A,7,1616,-1.3166542884552865,-0.06680764062711585,-2.6856339153722284,-22.274133663366335,0/7
YM,2020-2026,A,8,1615,0.7028755260343316,0.022491848941161886,0.903881341271714,13.702786377708978,5/7
YM,2020-2026,A,9,1613,1.6505073729421424,0.04172978232447107,1.6759586641929454,28.353998760074397,6/7
YM,2020-2026,A,10,1616,-0.11647072614750266,-0.002997371078890778,-0.120492826132789,-1.8657178217821782,3/7
YM,2020-2026,A,11,1616,0.8272602850236664,0.026677583978510305,1.0724256034241437,18.542698019801982,5/7
YM,2020-2026,A,12,1616,0.029355794997794962,0.00099472863499326,0.0399875962337985,-3.80259900990099,3/7
YM,2020-2026,A,13,1563,0.05200857822253888,0.0016394758671370972,0.0648163419893446,-0.9021113243761996,4/7
YM,2020-2026,A,14,1560,0.6215171095190202,0.02064815095229694,0.8155366177482112,12.217948717948717,5/7
YM,2020-2026,A,15,1560,1.098865426346426,0.026181659740658163,1.0340927030832083,15.003205128205128,5/7
YM,2020-2026,A,16,1563,0.32149461339718216,0.018453004660520488,0.7295357527255681,9.472168905950095,6/7
YM,2020-2026,A,19,1619,-0.13357140477911897,-0.008467726824480477,-0.34071422287945136,-3.304508956145769,3/7
YM,2020-2026,A,20,1618,0.4204834421829308,0.02574146943954476,1.0354344096713963,5.803461063040791,4/7
YM,2020-2026,A,21,1617,-0.2548508251003368,-0.013211459584962575,-0.5312584006661597,-3.00556586270872,3/7
YM,2020-2026,A,22,1616,0.2802528498476037,0.017778850508922063,0.7147009452046743,1.875,2/7
YM,2020-2026,A,23,1616,0.4848305408049087,0.0445524074044883,1.7909846121464512,7.425742574257426,5/7
YM,2020-2026,B,0,1621,-0.4891619147783223,-0.04190478864840266,-1.6871556941233041,-8.402220851326343,0/7
YM,2020-2026,B,1,1621,-0.12966612226739227,-0.00954609617349814,-0.3843415283847278,-2.769895126465145,3/7
YM,2020-2026,B,2,1622,-0.5255072626360939,-0.0300024037371555,-1.20831864219328,-7.768187422934648,2/7
YM,2020-2026,B,3,1622,0.7935340829580291,0.03761460625256208,1.5148929516418734,16.969790382244142,5/7
YM,2020-2026,B,4,1622,0.42966941074306997,0.022980369415829656,0.9255128026707866,4.596177558569667,3/7
YM,2020-2026,B,5,1617,-0.34479057278873443,-0.02238915332550665,-0.9003112571692273,-5.9771181199752625,1/7
YM,2020-2026,B,6,1618,0.5535198012392706,0.026003262455505625,1.0459648689978989,6.134116192830655,2/7
YM,2020-2026,B,7,1622,-0.9740600787315735,-0.053162324102618744,-2.1410626907857755,-14.69790382244143,3/7
YM,2020-2026,B,8,1621,0.29335882047341655,0.009429760469945338,0.37965766167140813,7.661937075879087,5/7
YM,2020-2026,B,9,1619,1.250846951202797,0.03259422536714418,1.3114872971832765,19.731315626930204,6/7
YM,2020-2026,B,10,1622,-0.42070592417774166,-0.01093603162131374,-0.4404384060495754,-5.527127003699137,3/7
YM,2020-2026,B,11,1622,0.852975978818604,0.02827654973162738,1.1388114924711064,14.38039457459926,5/7
YM,2020-2026,B,12,1622,1.3123291996200248,0.044765050902856304,1.8028703966031174,13.545006165228113,4/7
YM,2020-2026,B,13,1568,-0.1839114957359828,-0.005869882746477691,-0.23243549810904032,-3.1026785714285716,4/7
YM,2020-2026,B,14,1565,0.4906025872219395,0.016389171280539534,0.6483569415733734,7.8370607028754,4/7
YM,2020-2026,B,15,1565,0.6118378640167071,0.015519647259769547,0.6139585009761712,1.012779552715655,3/7
YM,2020-2026,B,16,1568,-0.10173900899865296,-0.005965006169550469,-0.23620219348928886,-3.4693877551020407,2/7
YM,2020-2026,B,19,1625,0.010962709356207667,0.0007093883217518038,0.028596357467979925,1.356923076923077,3/7
YM,2020-2026,B,20,1624,0.283613307286695,0.017667528551616563,0.7119816723472809,3.9008620689655173,4/7
YM,2020-2026,B,21,1623,-0.2637884403132937,-0.014069948861301066,-0.5668286311906579,-4.768946395563771,3/7
YM,2020-2026,B,22,1622,-0.5389847097458875,-0.03432766391543948,-1.3825144350218537,-6.414919852034525,4/7
YM,2020-2026,B,23,1622,-0.12758407830741852,-0.011889743839904186,-0.4788482702426637,-2.284217016029593,4/7
YM,2021+,A,0,1359,-0.356657528943876,-0.044862053820703796,-1.6538224401134884,-6.4164827078734366,1/6
YM,2021+,A,1,1359,0.37133139207200516,0.04249657384875243,1.5666199264950245,5.754231052244298,4/6
YM,2021+,A,2,1359,0.030100427898915188,0.002438461536862939,0.08989295107029692,-0.8830022075055187,3/6
YM,2021+,A,3,1360,-0.27268175782789694,-0.015404446570530776,-0.5680879199880058,-5.658088235294118,3/6
YM,2021+,A,4,1360,0.19711734926605487,0.013672861235421595,0.5042302080734637,3.3786764705882355,3/6
YM,2021+,A,5,1360,-0.0842924329117716,-0.006795190698466268,-0.25059425096117144,0.5477941176470589,3/6
YM,2021+,A,6,1361,0.15899503548888952,0.010428654391741447,0.38473113849397517,2.6781778104335046,5/6
YM,2021+,A,7,1361,-1.0947662451276676,-0.0697389700657538,-2.5727914976300537,-21.12417340191036,0/6
YM,2021+,A,8,1361,1.1421648598710918,0.04543916027102991,1.676329390791548,21.565025716385012,5/6
YM,2021+,A,9,1359,1.7127130119402738,0.052495575713842724,1.935229302457017,28.693892568064754,5/6
YM,2021+,A,10,1359,-0.14488062722965817,-0.004284553673320988,-0.15794843096413913,-2.343635025754231,2/6
YM,2021+,A,11,1359,1.4099204876063824,0.052112341398205586,1.9211015161199203,25.588668138337013,5/6
YM,2021+,A,12,1359,-0.48011058674839935,-0.020790026604089653,-0.7664163719702946,-9.300956585724798,2/6
YM,2021+,A,13,1314,-0.06018389743159086,-0.0019953373921646434,-0.07232926032707307,-3.5692541856925417,3/6
YM,2021+,A,14,1312,0.5878310554706176,0.022514067140668448,0.8154941959385481,11.333841463414634,4/6
YM,2021+,A,15,1312,-0.0552801317973023,-0.001784364718622709,-0.06463243901613133,1.8064024390243902,4/6
YM,2021+,A,16,1314,0.9521967829342063,0.07602465890644494,2.755828346080261,17.960426179604262,6/6
YM,2021+,A,19,1361,-0.24562179760430639,-0.022398016355212127,-0.826301650112357,-4.074210139603233,2/6
YM,2021+,A,20,1361,0.09559019768610992,0.007557393178791584,0.2788053350416537,1.6789125642909626,3/6
YM,2021+,A,21,1360,0.028612289999920694,0.0024402319287941633,0.08999130701449344,0.20588235294117646,3/6
YM,2021+,A,22,1360,-0.298082338733541,-0.03069715817794551,-1.1320552581364822,-5.154411764705882,1/6
YM,2021+,A,23,1361,0.31192239316092174,0.04070386024063522,1.5016359640684398,6.245407788390889,4/6
YM,2021+,B,0,1367,-0.49102445661023203,-0.06198106382405327,-2.29162358533525,-8.445501097293343,0/6
YM,2021+,B,1,1367,-0.13985958594477302,-0.016019981846205653,-0.5923061975770819,-2.9078273591806876,3/6
YM,2021+,B,2,1367,-0.30999227740344165,-0.025175174883315405,-0.9308008118627416,-5.336503291880029,2/6
YM,2021+,B,3,1368,1.3782786200697366,0.07822829845940846,2.8933897107096835,24.81359649122807,5/6
YM,2021+,B,4,1368,0.17627853287297135,0.01225832030612267,0.4533921680876492,1.9846491228070176,2/6
YM,2021+,B,5,1368,-0.40255212121357964,-0.03254260823157928,-1.2036366592552847,-6.58625730994152,1/6
YM,2021+,B,6,1369,-0.2620897627260388,-0.017223047376469805,-0.6372527529293828,-3.7363038714390067,1/6
YM,2021+,B,7,1369,-0.42992407413529377,-0.027401107663119324,-1.013840983535415,-8.035062089116144,3/6
YM,2021+,B,8,1369,0.5586743075769248,0.022270814233087088,0.8240201266242222,13.5390796201607,5/6
YM,2021+,B,9,1367,0.8222489423161774,0.025118011506757087,0.928687312450884,13.533284564740308,5/6
YM,2021+,B,10,1367,0.251828008353483,0.007462724302550812,0.2759190302239253,3.3650329188002925,3/6
YM,2021+,B,11,1367,1.1455001033477488,0.0423845678969058,1.5670830646359304,18.02121433796635,5/6
YM,2021+,B,12,1367,-0.21724315483164883,-0.009422106404844158,-0.34836319238037855,-4.509875640087784,3/6
YM,2021+,B,13,1321,-0.24847642394941385,-0.00825624682407825,-0.30007794479127414,-4.9659348978046935,3/6
YM,2021+,B,14,1319,-0.21147054262538867,-0.008113178762337933,-0.2946547475292228,-0.5875663381349507,3/6
YM,2021+,B,15,1319,-1.2369456680502875,-0.04002512166223959,-1.4536339533106917,-21.42532221379833,2/6
YM,2021+,B,16,1321,0.027133668321762245,0.0021652918274263416,0.07869875202283326,-1.5215745647236942,2/6
YM,2021+,B,19,1369,0.1762459733164076,0.0161103362201484,0.5960824401454907,4.364499634769905,3/6
YM,2021+,B,20,1369,0.1091471201816542,0.008636653308674544,0.31955617242095813,1.8553688823959094,3/6
YM,2021+,B,21,1368,-0.16165198488513505,-0.013818072148842064,-0.5110819046901458,-3.000730994152047,3/6
YM,2021+,B,22,1368,-0.15130944406684568,-0.015612270748486489,-0.5774430025206784,-2.1564327485380117,4/6
YM,2021+,B,23,1369,-0.03683379534207514,-0.004810527333907604,-0.17798951135458135,-1.0883856829802776,4/6
