date,status_local,side_local,entry_local,candle_local,d30_pts_local,prot_pts_local,c_min_local,s07_candles_local,s07_reason_local,d30_usd_local,prot_usd_local,s07_usd_local,status_source,side_source,entry_source,candle_source,d30_pts_source,prot_pts_source,c_min_source,s07_candles_source,s07_reason_source,d30_usd_source,prot_usd_source,s07_usd_source
2026-03-16,ok,1,24900.5000,8.3750,41.7500,41.7500,,5.0746,120 минут,820.0000,820.0000,835.0000,ok,1,24900.5000,8.3750,41.2500,41.2500,,5.0746,120 минут,810.0000,810.0000,835.0000
2026-03-17,ok,1,25059.0000,9.7500,4.5000,4.5000,,-5.3077,120 минут,75.0000,75.0000,-1050.0000,ok,1,25059.2500,9.7500,4.2500,4.2500,,-5.3333,120 минут,70.0000,70.0000,-1055.0000
2026-03-18,ok,1,24940.2500,13.0000,-14.2500,0.2500,19.0000,-2.6154,120 минут,-300.0000,-10.0000,-695.0000,ok,1,24940.2500,13.0000,-14.2500,0.2500,19.0000,-2.6538,120 минут,-300.0000,-10.0000,-705.0000
2026-03-19,ok,-1,24347.0000,18.1250,-173.2500,-173.2500,,-3.2414,минус на 15-й минуте,-3480.0000,-3480.0000,-1190.0000,ok,-1,24347.0000,18.1250,-173.2500,-173.2500,,-3.2414,минус на 15-й минуте,-3480.0000,-3480.0000,-1190.0000
2026-03-20,ok,-1,24414.0000,12.5000,127.2500,127.2500,,-1.5400,минус на 15-й минуте,2530.0000,2530.0000,-400.0000,ok,-1,24414.0000,12.5000,127.2500,127.2500,,-1.5400,минус на 15-й минуте,2530.0000,2530.0000,-400.0000
2026-03-23,ok,-1,24465.7500,21.0000,-143.5000,-114.7500,25.0000,-2.7143,минус на 15-й минуте,-2885.0000,-2310.0000,-1155.0000,ok,-1,24465.7500,21.0000,-143.5000,-114.7500,25.0000,-2.7143,минус на 15-й минуте,-2885.0000,-2310.0000,-1155.0000
2026-03-24,ok,1,24289.5000,17.6250,-58.0000,-125.0000,22.0000,-4.7234,минус на 15-й минуте,-1175.0000,-2515.0000,-1680.0000,ok,1,24289.5000,17.6250,-58.0000,-125.0000,22.0000,-4.7234,минус на 15-й минуте,-1175.0000,-2515.0000,-1680.0000
2026-03-25,ok,1,24460.2500,12.2500,-77.5000,13.7500,11.0000,-1.4490,минус на 15-й минуте,-1565.0000,260.0000,-370.0000,ok,1,24460.2500,12.2500,-77.5000,13.7500,11.0000,-1.4490,минус на 15-й минуте,-1565.0000,260.0000,-370.0000
2026-03-26,ok,-1,24103.0000,10.0000,-105.5000,-112.7500,27.0000,-8.3500,минус на 15-й минуте,-2125.0000,-2270.0000,-1685.0000,ok,-1,24103.0000,10.0000,-105.5000,-112.7500,27.0000,-8.3500,минус на 15-й минуте,-2125.0000,-2270.0000,-1685.0000
2026-03-27,ok,-1,23607.0000,14.7500,91.7500,-12.5000,13.0000,-1.8644,минус на 15-й минуте,1820.0000,-265.0000,-565.0000,ok,-1,23607.0000,14.7500,91.7500,-12.5000,13.0000,-1.8644,минус на 15-й минуте,1820.0000,-265.0000,-565.0000
2026-03-30,ok,-1,23504.7500,9.6250,176.2500,176.2500,,15.9481,120 минут,3510.0000,3510.0000,3055.0000,ok,-1,23504.7500,9.6250,176.2500,176.2500,,15.9481,120 минут,3510.0000,3510.0000,3055.0000
2026-03-31,ok,-1,23389.5000,11.7500,-174.7500,-168.5000,26.0000,-8.0000,минус на 15-й минуте,-3510.0000,-3385.0000,-1895.0000,ok,-1,23389.5000,11.7500,-174.7500,-168.5000,26.0000,-8.0000,минус на 15-й минуте,-3510.0000,-3385.0000,-1895.0000
2026-04-01,ok,1,24123.7500,14.5000,28.0000,-54.5000,11.0000,-4.0345,минус на 15-й минуте,545.0000,-1105.0000,-1185.0000,ok,1,24123.7500,14.5000,28.0000,-54.5000,11.0000,-4.0345,минус на 15-й минуте,545.0000,-1105.0000,-1185.0000
2026-04-02,ok,1,23776.7500,13.8750,97.0000,97.0000,,28.0541,120 минут,1925.0000,1925.0000,7770.0000,ok,1,23776.7500,13.8750,97.0000,97.0000,,28.0541,120 минут,1925.0000,1925.0000,7770.0000
2026-04-06,ok,1,24316.5000,10.2500,39.5000,39.5000,,-5.0732,120 минут,775.0000,775.0000,-1055.0000,ok,1,24316.5000,10.2500,39.5000,39.5000,,-5.0732,120 минут,775.0000,775.0000,-1055.0000
2026-04-07,ok,-1,24219.0000,11.1250,124.0000,124.0000,,13.1910,120 минут,2465.0000,2465.0000,2920.0000,ok,-1,24219.0000,11.1250,124.0000,124.0000,,13.1910,120 минут,2465.0000,2465.0000,2920.0000
2026-04-08,ok,-1,25151.5000,8.6250,60.5000,60.5000,,-0.1739,минус на 15-й минуте,1195.0000,1195.0000,-45.0000,ok,-1,25151.5000,8.6250,60.5000,60.5000,,-0.1739,минус на 15-й минуте,1195.0000,1195.0000,-45.0000
2026-04-09,ok,-1,25048.0000,7.7500,26.2500,26.2500,,-3.2581,минус на 15-й минуте,510.0000,510.0000,-520.0000,ok,-1,25048.0000,7.7500,26.2500,26.2500,,-3.2581,минус на 15-й минуте,510.0000,510.0000,-520.0000
2026-04-10,ok,1,25357.7500,7.2500,-63.2500,-51.2500,11.0000,-1.7241,минус на 15-й минуте,-1280.0000,-1040.0000,-265.0000,ok,1,25357.7500,7.2500,-63.2500,-51.2500,11.0000,-1.7241,минус на 15-й минуте,-1280.0000,-1040.0000,-265.0000
2026-04-13,ok,1,25203.2500,8.8750,100.2500,100.2500,,-4.1972,минус на 15-й минуте,1990.0000,1990.0000,-760.0000,ok,1,25203.2500,8.8750,100.2500,100.2500,,-4.1972,минус на 15-й минуте,1990.0000,1990.0000,-760.0000
2026-04-14,ok,1,25705.0000,5.7500,24.2500,24.2500,,24.6957,120 минут,470.0000,470.0000,2825.0000,ok,1,25705.0000,5.7500,24.2500,24.2500,,24.6957,120 минут,470.0000,470.0000,2825.0000
2026-04-15,ok,1,26022.7500,8.0000,50.7500,50.7500,,18.6250,120 минут,1000.0000,1000.0000,2965.0000,ok,1,26022.7500,8.0000,50.7500,50.7500,,18.6250,120 минут,1000.0000,1000.0000,2965.0000
2026-04-16,ok,-1,26392.0000,7.3750,80.5000,80.5000,,-10.8475,120 минут,1595.0000,1595.0000,-1615.0000,ok,-1,26392.0000,7.3750,80.5000,80.5000,,-10.8475,120 минут,1595.0000,1595.0000,-1615.0000
2026-04-17,ok,-1,26681.0000,20.0000,-62.2500,-18.2500,17.0000,-8.7750,120 минут,-1260.0000,-380.0000,-3525.0000,ok,-1,26681.0000,20.0000,-62.2500,-18.2500,17.0000,-8.7750,120 минут,-1260.0000,-380.0000,-3525.0000
2026-04-20,ok,-1,26766.2500,9.7500,-2.2500,-37.0000,24.0000,10.0000,120 минут,-60.0000,-755.0000,1935.0000,ok,-1,26766.2500,9.7500,-2.2500,-37.0000,24.0000,10.0000,120 минут,-60.0000,-755.0000,1935.0000
2026-04-21,ok,-1,26749.7500,8.1250,-87.2500,-87.2500,,-3.2308,минус на 15-й минуте,-1760.0000,-1760.0000,-540.0000,ok,-1,26749.7500,8.1250,-87.2500,-87.2500,,-3.2308,минус на 15-й минуте,-1760.0000,-1760.0000,-540.0000
2026-04-22,ok,-1,26838.0000,10.0000,-47.2500,-24.2500,13.0000,-3.0500,минус на 15-й минуте,-960.0000,-500.0000,-625.0000,ok,-1,26838.0000,10.0000,-47.2500,-24.2500,13.0000,-3.0500,минус на 15-й минуте,-960.0000,-500.0000,-625.0000
2026-04-23,ok,1,27003.7500,8.2500,3.5000,-19.7500,28.0000,17.7273,120 минут,55.0000,-410.0000,2910.0000,ok,1,27003.0000,8.2500,4.2500,-19.0000,28.0000,17.8182,120 минут,70.0000,-395.0000,2925.0000
2026-04-24,ok,-1,27207.0000,9.0000,27.0000,-33.0000,17.0000,-1.3333,минус на 15-й минуте,525.0000,-675.0000,-255.0000,ok,-1,27207.0000,9.0000,27.0000,-33.0000,17.0000,-1.3333,минус на 15-й минуте,525.0000,-675.0000,-255.0000
2026-04-27,ok,-1,27389.5000,9.7500,6.7500,10.7500,22.0000,4.6923,120 минут,120.0000,200.0000,900.0000,ok,-1,27389.5000,9.7500,6.7500,10.7500,22.0000,4.6923,120 минут,120.0000,200.0000,900.0000
2026-04-28,ok,1,27136.7500,11.2500,51.0000,51.0000,,-9.6444,120 минут,1005.0000,1005.0000,-2185.0000,ok,1,27136.7500,11.2500,51.0000,51.0000,,-9.6444,120 минут,1005.0000,1005.0000,-2185.0000
2026-04-29,ok,-1,27140.0000,9.5000,-66.2500,-66.2500,,-4.0526,минус на 15-й минуте,-1340.0000,-1340.0000,-785.0000,ok,-1,27140.0000,9.5000,-66.2500,-66.2500,,-4.0526,минус на 15-й минуте,-1340.0000,-1340.0000,-785.0000
2026-04-30,ok,-1,27401.2500,9.2500,106.5000,106.5000,,-1.6486,120 минут,2115.0000,2115.0000,-320.0000,ok,-1,27401.2500,9.2500,106.5000,106.5000,,-1.6486,120 минут,2115.0000,2115.0000,-320.0000
2026-05-01,ok,1,27702.7500,8.1250,182.5000,182.5000,,20.5538,120 минут,3635.0000,3635.0000,3325.0000,ok,1,27702.7500,8.1250,182.5000,182.5000,,20.5538,120 минут,3635.0000,3635.0000,3325.0000
