ins,минута,время,n,держал,свечей,средняя,чистое,лет+,лет,просадка,отлож n,отлож средняя
NQ,571,09:31,1444,120,0.614,82.3,118820,6,6,48070,119,317.4
NQ,572,09:32,1444,120,0.761,101.4,146490,5,6,57410,119,556.4
NQ,573,09:33,1444,120,1.397,140.3,202630,6,6,43985,119,591.8
NQ,574,09:34,1444,120,1.125,118.4,170950,5,6,40050,119,584.6
NQ,575,09:35,1444,120,0.788,97.0,140060,4,6,51100,119,371.5
NQ,576,09:36,1444,120,1.296,151.8,219150,6,6,35755,119,335.0
NQ,577,09:37,1444,120,0.948,83.8,121065,4,6,42525,119,-201.4
NQ,578,09:38,1444,120,0.739,57.7,83265,4,6,42095,119,-326.4
NQ,579,09:39,1444,120,0.313,-4.5,-6490,3,6,72665,119,39.4
NQ,580,09:40,1444,120,0.137,-21.0,-30260,4,6,82800,119,71.0
NQ,581,09:41,1444,120,0.059,-41.1,-59400,3,6,76680,119,384.0
NQ,582,09:42,1444,120,0.427,45.9,66265,4,6,46525,119,278.5
NQ,583,09:43,1444,120,0.375,43.1,62240,4,6,49420,119,375.6
NQ,584,09:44,1444,120,0.515,74.0,106925,3,6,48505,119,184.2
NQ,585,09:45,1444,120,0.28,15.3,22065,3,6,82260,119,-9.6
NQ,586,09:46,1444,120,0.151,8.0,11495,3,6,61840,119,419.7
NQ,587,09:47,1444,120,0.114,4.9,7070,3,6,92525,119,349.0
NQ,588,09:48,1444,120,0.222,47.1,68065,3,6,54295,119,171.9
NQ,589,09:49,1444,120,0.315,44.5,64330,4,6,41385,119,263.5
NQ,590,09:50,1444,120,0.098,-4.0,-5760,2,6,62615,119,199.7
NQ,591,09:51,1444,120,0.213,22.0,31770,3,6,37080,119,236.8
NQ,592,09:52,1444,120,0.276,50.7,73245,5,6,42080,119,185.1
NQ,593,09:53,1444,120,0.16,20.0,28885,3,6,46270,119,339.8
NQ,594,09:54,1444,120,0.155,33.7,48710,3,6,55310,119,446.1
NQ,595,09:55,1443,120,0.09,7.7,11120,3,6,74925,119,278.5
NQ,596,09:56,1443,120,0.122,25.8,37295,3,6,71425,119,279.3
NQ,597,09:57,1443,120,0.196,38.4,55350,4,6,74605,119,-143.4
NQ,598,09:58,1443,120,0.105,15.1,21760,4,6,51095,119,-82.1
NQ,599,09:59,1443,120,0.191,43.3,62485,4,6,40565,119,-269.0
NQ,600,10:00,1443,120,0.356,92.7,133730,6,6,33470,119,-105.4
NQ,601,10:01,1445,120,0.266,62.8,90760,4,6,49505,119,-120.0
NQ,602,10:02,1445,120,0.244,46.7,67520,4,6,70250,119,-102.5
NQ,603,10:03,1445,120,0.157,5.2,7540,4,6,86460,119,-45.9
NQ,604,10:04,1445,120,0.244,28.7,41525,4,6,85015,119,-29.4
NQ,605,10:05,1445,120,0.231,30.5,44020,5,6,78300,119,-3.1
NQ,606,10:06,1445,120,0.163,13.9,20030,4,6,103190,119,-226.1
NQ,607,10:07,1445,120,0.184,19.2,27795,4,6,117835,119,105.3
NQ,608,10:08,1445,120,0.242,41.0,59185,4,6,74380,119,198.9
NQ,609,10:09,1445,120,0.246,37.8,54605,4,6,63110,119,333.2
NQ,610,10:10,1445,120,0.262,27.1,39195,2,6,59375,119,276.1
NQ,611,10:11,1445,120,0.285,29.6,42835,3,6,57095,119,93.4
NQ,612,10:12,1444,120,0.301,53.6,77360,4,6,37540,119,150.2
NQ,613,10:13,1444,120,0.169,7.1,10295,4,6,58085,119,-10.8
NQ,614,10:14,1444,120,0.154,11.8,17025,3,6,64280,119,-183.2
NQ,615,10:15,1443,120,0.214,30.5,44040,4,6,44465,119,-239.8
NQ,616,10:16,1444,120,0.061,-11.2,-16240,2,6,74550,119,-200.8
NQ,617,10:17,1444,120,0.082,-19.2,-27765,2,6,82055,119,-229.2
NQ,618,10:18,1444,120,0.03,-29.7,-42840,2,6,79475,119,-61.9
NQ,619,10:19,1444,120,0.188,26.4,38065,3,6,63000,119,83.6
NQ,620,10:20,1445,120,0.235,52.0,75165,4,6,41855,119,36.2
NQ,621,10:21,1446,120,0.307,65.0,93985,4,6,62660,119,38.0
NQ,622,10:22,1447,120,0.213,37.3,53975,3,6,53600,119,-156.2
NQ,623,10:23,1447,120,0.099,14.7,21235,2,6,58645,119,-351.8
NQ,624,10:24,1447,120,0.174,37.8,54640,2,6,50480,119,-387.0
NQ,625,10:25,1447,120,-0.071,-49.2,-71130,1,6,90320,119,-373.2
NQ,626,10:26,1447,120,0.032,-42.8,-61910,2,6,78915,119,-526.1
NQ,627,10:27,1447,120,0.074,-31.5,-45600,2,6,86360,119,-580.2
NQ,628,10:28,1447,120,0.042,-59.4,-85900,2,6,102710,119,-488.3
NQ,629,10:29,1447,120,0.086,-61.1,-88360,3,6,122520,119,-453.2
NQ,630,10:30,1447,120,0.04,-49.4,-71430,2,6,95430,119,-405.3
NQ,631,10:31,1447,120,-0.038,-72.4,-104705,1,6,119000,119,-433.5
NQ,632,10:32,1447,120,-0.155,-110.6,-160020,1,6,172845,119,-320.5
NQ,633,10:33,1447,120,-0.013,-60.2,-87150,2,6,116465,119,-123.4
NQ,634,10:34,1446,120,0.029,-50.6,-73140,2,6,114195,119,-127.0
NQ,635,10:35,1446,120,0.01,-51.2,-73965,3,6,111570,119,-106.5
NQ,636,10:36,1446,120,0.084,-36.7,-53010,3,6,87140,119,-96.1
NQ,637,10:37,1446,120,0.154,-20.5,-29625,3,6,93030,119,-90.7
NQ,638,10:38,1447,120,0.146,-24.0,-34680,3,6,91910,119,-91.2
NQ,639,10:39,1447,120,0.094,-33.9,-49095,3,6,80325,119,-49.1
NQ,640,10:40,1447,120,0.076,-21.4,-30915,2,6,61790,119,220.4
NQ,641,10:41,1447,120,0.116,-1.1,-1560,3,6,45630,119,92.1
NQ,642,10:42,1447,120,0.048,-4.6,-6650,3,6,60425,119,170.1
NQ,643,10:43,1447,120,0.0,-34.4,-49715,2,6,74735,119,-44.7
NQ,644,10:44,1447,120,0.049,-19.0,-27460,2,6,58855,119,169.0
NQ,645,10:45,1447,120,0.036,-30.5,-44170,3,6,53230,119,-82.1
NQ,646,10:46,1447,120,0.063,-8.8,-12780,4,6,55250,119,-56.4
NQ,647,10:47,1447,120,0.188,18.0,26010,4,6,48355,119,49.1
NQ,648,10:48,1447,120,0.179,36.8,53195,5,6,46335,119,-34.2
NQ,649,10:49,1447,120,0.117,18.4,26565,2,6,41585,119,288.4
NQ,650,10:50,1447,120,0.053,-4.0,-5845,3,6,67040,119,377.9
NQ,651,10:51,1447,120,0.077,9.5,13760,3,6,60430,119,208.3
NQ,652,10:52,1447,120,-0.05,-29.6,-42870,2,6,71485,119,61.4
NQ,653,10:53,1447,120,-0.047,-24.3,-35160,2,6,76800,119,27.5
NQ,654,10:54,1447,120,0.135,5.6,8080,4,6,58555,119,-4.0
NQ,655,10:55,1447,120,0.138,3.3,4840,4,6,59180,119,68.2
NQ,656,10:56,1447,120,0.072,12.7,18340,3,6,62675,119,33.4
NQ,657,10:57,1447,120,0.197,39.6,57320,4,6,45485,119,-97.6
NQ,658,10:58,1446,120,0.196,41.7,60240,5,6,47105,119,46.1
NQ,659,10:59,1445,120,0.109,21.6,31250,3,6,52175,119,0.6
NQ,660,11:00,1445,120,0.077,8.8,12715,4,6,61895,119,166.5
NQ,661,11:01,1445,120,-0.048,-35.2,-50865,2,6,86940,119,98.6
NQ,662,11:02,1445,120,0.009,-36.6,-52820,2,6,93475,119,115.1
NQ,663,11:03,1445,120,0.035,-29.8,-43110,2,6,77990,119,-77.1
NQ,664,11:04,1445,120,0.053,-14.4,-20845,3,6,68775,119,-142.2
NQ,665,11:05,1445,120,0.014,-15.9,-23035,3,6,75555,119,-184.6
NQ,666,11:06,1445,120,0.178,6.1,8875,2,6,53895,119,-94.5
NQ,667,11:07,1445,120,0.091,-1.8,-2665,3,6,51645,119,-97.4
NQ,668,11:08,1445,120,0.224,37.8,54620,4,6,33505,119,6.6
NQ,669,11:09,1445,120,0.011,-7.5,-10815,3,6,62440,119,-3.7
NQ,670,11:10,1445,120,0.049,0.2,225,2,6,67925,119,59.3
NQ,671,11:11,1445,120,0.135,7.0,10125,4,6,80305,119,103.2
NQ,672,11:12,1445,120,0.027,-8.0,-11520,2,6,65700,119,168.2
NQ,673,11:13,1446,120,-0.058,-23.8,-34460,2,6,104210,119,-87.4
NQ,674,11:14,1446,120,-0.042,-23.4,-33870,1,6,87040,119,-92.5
NQ,675,11:15,1446,120,0.001,-16.9,-24505,3,6,98085,119,-48.4
NQ,676,11:16,1446,120,-0.131,-49.1,-70995,2,6,131380,119,-70.5
NQ,677,11:17,1446,120,-0.088,-51.6,-74650,1,6,123640,119,155.0
NQ,678,11:18,1446,120,-0.077,-41.1,-59455,2,6,103900,119,124.1
NQ,679,11:19,1447,120,0.075,-19.7,-28550,2,6,60975,119,166.4
NQ,680,11:20,1448,120,0.035,-28.3,-41015,1,6,88200,119,287.3
NQ,681,11:21,1447,120,0.081,-8.1,-11670,3,6,78935,119,311.5
NQ,682,11:22,1447,120,0.09,-8.6,-12435,2,6,67150,119,271.8
NQ,683,11:23,1447,120,0.11,-8.7,-12655,2,6,85715,119,135.5
NQ,684,11:24,1447,120,0.084,-22.6,-32700,2,6,82420,119,40.1
NQ,685,11:25,1447,120,0.168,5.6,8115,2,6,59285,119,30.9
NQ,686,11:26,1448,120,0.056,-2.9,-4230,2,6,67935,119,130.9
NQ,687,11:27,1448,120,0.039,-3.6,-5235,2,6,71250,119,144.1
NQ,688,11:28,1448,120,0.114,9.9,14360,2,6,62405,119,126.0
NQ,689,11:29,1448,120,0.033,-17.4,-25255,2,6,86670,119,174.9
NQ,690,11:30,1448,120,0.079,-4.4,-6410,2,6,54750,119,178.7
NQ,691,11:31,1448,120,0.029,-9.5,-13820,3,6,84480,119,89.2
NQ,692,11:32,1448,120,0.048,-0.2,-345,3,6,81765,119,-100.8
NQ,693,11:33,1448,120,-0.045,-22.4,-32460,3,6,85720,119,-116.1
NQ,694,11:34,1448,120,-0.052,-52.2,-75520,3,6,107380,119,8.7
NQ,695,11:35,1448,120,-0.081,-53.9,-77980,2,6,107580,119,60.8
NQ,696,11:36,1448,120,0.001,-47.1,-68235,3,6,107575,119,121.4
NQ,697,11:37,1448,120,0.014,-34.6,-50085,3,6,93500,119,127.7
NQ,698,11:38,1448,120,-0.012,-36.3,-52520,3,6,83680,119,37.9
NQ,699,11:39,1448,120,-0.028,-45.4,-65765,2,6,94010,119,100.5
NQ,700,11:40,1448,120,-0.019,-58.2,-84330,3,6,96845,119,114.4
NQ,701,11:41,1448,120,0.033,-44.0,-63645,2,6,94350,119,77.8
NQ,702,11:42,1448,120,0.301,21.0,30400,2,6,41985,119,32.9
NQ,703,11:43,1448,120,0.053,-28.2,-40775,1,6,93900,119,74.2
NQ,704,11:44,1448,120,0.119,-22.7,-32895,1,6,73705,119,76.3
NQ,705,11:45,1447,120,0.003,-51.8,-75010,2,6,105090,119,43.9
NQ,706,11:46,1447,120,0.004,-44.6,-64595,2,6,77795,119,-22.3
NQ,707,11:47,1447,120,0.107,-33.9,-49115,2,6,56365,119,-10.0
NQ,708,11:48,1447,120,0.221,6.4,9300,4,6,59590,119,66.3
NQ,709,11:49,1447,120,0.078,-9.8,-14125,5,6,73465,119,-88.9
NQ,710,11:50,1447,120,0.122,-17.0,-24600,4,6,87225,119,7.6
NQ,711,11:51,1447,120,-0.119,-47.7,-69030,2,6,120785,119,66.6
NQ,712,11:52,1447,120,0.19,14.4,20875,3,6,57460,119,164.2
NQ,713,11:53,1447,120,-0.011,-11.1,-16025,3,6,80915,119,67.2
NQ,714,11:54,1447,120,-0.184,-82.0,-118620,0,6,124345,119,-92.9
NQ,715,11:55,1446,120,-0.117,-68.2,-98570,0,6,107995,119,-120.0
NQ,716,11:56,1446,120,-0.02,-48.6,-70325,2,6,96075,119,-226.8
NQ,717,11:57,1447,120,-0.057,-54.8,-79345,1,6,111395,119,-114.2
NQ,718,11:58,1447,120,-0.217,-88.3,-127830,1,6,157385,119,-120.2
NQ,719,11:59,1447,120,-0.075,-51.5,-74460,2,6,100745,119,-177.6
NQ,720,12:00,1447,120,0.063,-25.1,-36270,4,6,92580,119,-81.9
NQ,721,12:01,1447,120,0.124,-21.5,-31045,4,6,120940,119,-84.4
NQ,722,12:02,1447,120,0.03,-43.6,-63090,3,6,119030,119,-86.1
NQ,723,12:03,1447,120,0.093,-41.0,-59255,2,6,85090,119,-22.2
NQ,724,12:04,1446,120,-0.039,-54.8,-79180,1,6,93775,119,53.9
NQ,725,12:05,1447,120,0.014,-49.3,-71375,3,6,111500,119,23.5
NQ,726,12:06,1447,120,0.003,-54.0,-78130,3,6,122610,119,16.1
NQ,727,12:07,1447,120,-0.064,-74.1,-107160,1,6,118590,119,58.5
NQ,728,12:08,1447,120,0.012,-10.9,-15710,2,6,53930,119,-34.5
NQ,729,12:09,1447,120,-0.046,-31.1,-45065,2,6,56890,119,-28.5
NQ,730,12:10,1447,120,0.077,-7.0,-10145,3,6,50465,119,81.5
NQ,731,12:11,1447,120,0.087,-14.6,-21085,2,6,40545,119,87.3
NQ,732,12:12,1447,120,0.013,-20.6,-29740,2,6,62860,119,201.4
NQ,733,12:13,1447,120,-0.054,-29.1,-42070,2,6,84955,119,289.4
NQ,734,12:14,1447,120,0.048,-13.1,-18970,3,6,80210,119,404.2
NQ,735,12:15,1447,120,-0.027,-32.2,-46620,2,6,81100,119,310.3
NQ,736,12:16,1447,120,0.287,36.3,52560,4,6,46795,119,134.5
NQ,737,12:17,1447,120,0.159,11.6,16730,2,6,54475,119,215.1
NQ,738,12:18,1447,120,0.128,9.4,13590,3,6,48800,119,143.4
NQ,739,12:19,1447,120,-0.001,-11.3,-16325,3,6,62885,119,109.4
NQ,740,12:20,1446,120,0.103,20.4,29505,4,6,48865,119,31.6
NQ,741,12:21,1446,120,0.049,-3.5,-5110,2,6,69980,119,-33.4
NQ,742,12:22,1446,120,-0.148,-25.7,-37100,2,6,77000,119,53.9
NQ,743,12:23,1446,120,0.018,-19.1,-27630,1,6,84445,119,45.1
NQ,744,12:24,1446,120,0.071,-14.8,-21335,1,6,82890,119,50.0
NQ,745,12:25,1446,120,-0.093,-41.6,-60105,1,6,94600,119,163.2
NQ,746,12:26,1446,120,0.154,12.8,18545,3,6,68210,119,231.6
NQ,747,12:27,1446,120,0.192,22.7,32785,3,6,53965,119,262.6
NQ,748,12:28,1446,120,0.085,-9.4,-13545,2,6,77215,119,166.6
NQ,749,12:29,1446,120,0.025,-4.3,-6165,2,6,84280,119,202.3
NQ,750,12:30,1446,120,-0.108,-44.7,-64585,3,6,119935,119,235.4
NQ,751,12:31,1446,120,0.017,-9.3,-13455,3,6,120550,119,196.1
NQ,752,12:32,1446,120,0.098,-0.4,-530,4,6,107470,119,93.1
NQ,753,12:33,1447,120,-0.164,-57.7,-83555,2,6,139755,119,49.0
NQ,754,12:34,1447,120,-0.107,-35.9,-51970,4,6,117865,119,35.5
NQ,755,12:35,1447,120,0.018,-11.9,-17270,4,6,96160,119,45.3
NQ,756,12:36,1447,120,-0.131,-38.0,-55015,3,6,151495,119,-108.2
NQ,757,12:37,1447,120,-0.052,-23.4,-33855,3,6,133620,119,70.8
NQ,758,12:38,1447,120,-0.116,-26.2,-37860,2,6,129260,119,-9.0
NQ,759,12:39,1447,120,-0.029,-9.4,-13590,2,6,136455,119,15.9
NQ,760,12:40,1447,120,-0.226,-23.8,-34415,2,6,150625,119,-69.5
NQ,761,12:41,1447,120,-0.069,1.3,1920,3,6,144805,119,-94.5
NQ,762,12:42,1447,120,0.282,89.1,128935,5,6,47955,119,-16.3
NQ,763,12:43,1448,120,0.228,37.0,53585,3,6,41075,119,-17.1
NQ,764,12:44,1448,120,0.089,-1.1,-1535,2,6,49265,119,-85.2
NQ,765,12:45,1448,120,0.185,42.8,61935,4,6,41380,119,-65.5
NQ,766,12:46,1449,120,0.293,28.4,41105,3,6,40935,119,-205.1
NQ,767,12:47,1449,120,0.01,0.7,1080,3,6,81220,119,-237.1
NQ,768,12:48,1449,120,0.209,31.4,45445,3,6,50290,119,-113.0
NQ,769,12:49,1449,120,0.083,23.3,33760,3,6,39495,119,-160.4
NQ,770,12:50,1449,120,0.171,44.8,64945,3,6,51520,119,-13.2
NQ,771,12:51,1449,120,0.295,59.1,85595,4,6,51825,119,-323.1
NQ,772,12:52,1449,120,0.179,46.8,67850,4,6,53510,119,-366.1
NQ,773,12:53,1449,120,0.157,20.5,29725,3,6,72040,119,-209.7
NQ,774,12:54,1449,120,0.14,40.4,58560,3,6,69590,119,-318.0
NQ,775,12:55,1449,120,0.304,63.9,92600,4,6,34940,119,-128.0
NQ,776,12:56,1449,120,0.497,67.1,97160,4,6,32305,119,-92.7
NQ,777,12:57,1449,120,0.357,39.9,57750,3,6,62515,119,-296.2
NQ,778,12:58,1449,120,0.394,25.5,36915,2,6,47590,119,-224.5
NQ,779,12:59,1449,120,0.106,3.8,5560,3,6,56385,119,-131.8
NQ,780,13:00,1439,120,0.356,36.0,51735,4,6,44535,117,-85.4
NQ,781,13:01,1439,120,0.078,-2.4,-3510,4,6,82130,117,-142.6
NQ,782,13:02,1439,120,0.141,16.6,23880,3,6,73835,117,-261.8
NQ,783,13:03,1438,120,0.097,4.6,6610,4,6,56790,117,-289.4
NQ,784,13:04,1438,120,0.064,-12.4,-17820,2,6,58120,117,-242.0
NQ,785,13:05,1438,120,0.137,0.1,180,4,6,46945,117,-238.5
NQ,786,13:06,1438,120,0.349,35.2,50575,5,6,32495,117,-228.5
NQ,787,13:07,1438,120,0.442,57.9,83300,4,6,38260,117,-61.8
NQ,788,13:08,1438,120,0.344,45.3,65155,4,6,37760,117,-69.4
NQ,789,13:09,1439,120,0.14,-10.1,-14520,3,6,72010,117,-189.4
NQ,790,13:10,1439,120,0.399,31.2,44855,3,6,67965,117,63.9
NQ,791,13:11,1439,120,0.155,-20.7,-29795,3,6,79680,117,-50.8
NQ,792,13:12,1439,120,0.174,-30.4,-43690,3,6,93780,117,7.8
NQ,793,13:13,1439,120,0.308,5.4,7715,3,6,86635,117,34.5
NQ,794,13:14,1439,120,0.305,6.4,9185,3,6,76655,117,-14.7
NQ,795,13:15,1438,120,0.115,4.9,7025,4,6,45225,117,22.5
NQ,796,13:16,1438,120,0.22,14.2,20420,4,6,45700,117,-83.9
NQ,797,13:17,1438,120,0.428,62.5,89915,5,6,37485,117,-141.2
NQ,798,13:18,1438,120,0.298,42.3,60865,3,6,48920,117,-121.3
NQ,799,13:19,1438,120,0.143,0.4,600,2,6,74080,117,-145.4
NQ,800,13:20,1438,120,0.148,23.2,33390,3,6,41180,117,-100.0
NQ,801,13:21,1438,120,0.291,35.6,51125,2,6,30275,117,-139.9
NQ,802,13:22,1438,120,0.177,21.2,30540,3,6,56755,117,-186.8
NQ,803,13:23,1438,120,0.211,20.9,30015,3,6,50830,117,51.8
NQ,804,13:24,1438,120,0.261,27.7,39820,2,6,64030,117,-64.5
NQ,805,13:25,1438,120,0.099,4.8,6910,3,6,78185,117,45.6
NQ,806,13:26,1438,120,0.378,31.2,44885,2,6,70780,117,5.3
NQ,807,13:27,1438,120,0.382,9.0,12960,2,6,72120,117,-87.9
NQ,808,13:28,1438,120,0.392,19.2,27630,3,6,41375,117,-150.0
NQ,809,13:29,1439,120,0.386,20.1,28960,3,6,51845,117,-83.6
NQ,810,13:30,1439,120,0.344,11.1,15990,3,6,49690,117,-26.6
NQ,811,13:31,1438,120,0.34,30.7,44120,2,6,46250,117,88.6
NQ,812,13:32,1438,120,0.748,93.0,133715,5,6,38440,117,-85.6
NQ,813,13:33,1438,120,0.892,117.5,168925,6,6,27795,117,-2.2
NQ,814,13:34,1438,120,0.665,117.2,168500,6,6,32010,117,-117.2
NQ,815,13:35,1438,120,0.592,106.2,152730,4,6,40160,117,-175.3
NQ,816,13:36,1438,120,0.472,95.0,136595,4,6,36705,117,64.7
NQ,817,13:37,1438,120,0.681,96.6,138920,6,6,34735,117,103.6
NQ,818,13:38,1438,120,0.636,106.1,152585,5,6,43400,117,30.9
NQ,819,13:39,1438,120,0.577,80.5,115700,5,6,36360,117,-112.0
NQ,820,13:40,1438,120,0.547,95.0,136555,5,6,41900,117,-38.4
NQ,821,13:41,1438,120,0.517,64.0,92095,4,6,36590,117,-98.5
NQ,822,13:42,1439,120,0.425,61.2,88130,5,6,38870,117,23.5
NQ,823,13:43,1439,120,0.334,52.5,75490,5,6,36995,117,-68.6
NQ,824,13:44,1439,120,0.503,73.3,105545,5,6,27635,117,5.3
NQ,825,13:45,1439,120,0.257,41.7,60045,4,6,32950,117,-10.3
NQ,826,13:46,1439,120,0.199,42.2,60710,3,6,50785,117,-49.1
NQ,827,13:47,1439,120,0.132,22.3,32135,2,6,37800,117,-274.1
NQ,828,13:48,1439,120,0.264,49.4,71025,4,6,36115,117,-166.8
NQ,829,13:49,1440,120,0.277,20.7,29775,3,6,43970,117,-198.8
NQ,830,13:50,1440,120,0.499,67.4,97060,4,6,52000,117,-60.3
NQ,831,13:51,1440,120,0.184,18.6,26760,3,6,73650,117,-200.5
NQ,832,13:52,1442,120,0.241,18.9,27200,4,6,69280,117,-122.9
NQ,833,13:53,1442,120,0.17,-8.4,-12160,3,6,80665,117,-71.3
NQ,834,13:54,1442,120,0.123,1.2,1755,3,6,72740,117,-82.0
NQ,835,13:55,1441,120,0.185,7.3,10545,3,6,45005,117,-64.4
NQ,836,13:56,1442,120,0.024,-34.8,-50180,2,6,67255,117,-33.6
NQ,837,13:57,1443,120,0.044,-42.8,-61760,2,6,94910,117,-132.8
NQ,838,13:58,1443,120,0.048,-34.0,-49055,3,6,109425,117,-169.0
NQ,839,13:59,1443,120,0.258,-7.9,-11465,4,6,91225,117,-230.4
NQ,840,14:00,1444,120,0.354,9.4,13615,4,6,93065,117,-252.4
NQ,841,14:01,1444,119,0.153,-32.0,-46255,3,6,66860,117,-120.6
NQ,842,14:02,1444,118,0.17,-20.4,-29415,3,6,81565,117,-146.5
NQ,843,14:03,1443,117,0.081,-42.7,-61615,1,6,90430,117,-70.1
NQ,844,14:04,1443,116,0.421,19.2,27750,4,6,58825,117,-235.7
NQ,845,14:05,1443,115,0.322,0.4,640,3,6,61695,117,-255.1
NQ,846,14:06,1444,114,0.385,8.4,12075,4,6,48745,117,-53.9
NQ,847,14:07,1444,113,0.23,-15.2,-21950,3,6,51790,117,-63.0
NQ,848,14:08,1444,112,0.125,-24.5,-35445,3,6,72075,117,-101.3
NQ,849,14:09,1444,111,0.126,-21.2,-30570,3,6,77610,117,-58.9
NQ,850,14:10,1444,110,0.267,0.2,225,3,6,53025,117,90.3
NQ,851,14:11,1444,109,0.147,-34.0,-49155,3,6,72910,117,-3.6
NQ,852,14:12,1444,108,0.368,14.6,21135,4,6,66205,117,244.1
NQ,853,14:13,1444,107,0.251,-8.4,-12155,3,6,79900,117,79.3
NQ,854,14:14,1444,106,0.476,49.2,71085,4,6,53110,117,98.7
NQ,855,14:15,1444,105,0.248,6.0,8635,4,6,60590,117,53.8
NQ,856,14:16,1445,104,0.191,-22.6,-32605,3,6,62140,117,57.5
NQ,857,14:17,1445,103,0.307,0.4,625,2,6,61650,117,122.4
NQ,858,14:18,1445,102,0.382,4.0,5825,3,6,47365,117,-1.5
NQ,859,14:19,1444,101,0.36,-8.2,-11900,3,6,62540,117,32.4
NQ,860,14:20,1444,100,0.533,14.2,20450,4,6,47645,117,-113.0
NQ,861,14:21,1444,99,0.326,6.3,9100,4,6,58895,117,-14.3
NQ,862,14:22,1444,98,0.391,13.0,18830,4,6,52560,117,-7.8
NQ,863,14:23,1444,97,0.323,17.1,24705,4,6,56295,117,16.4
NQ,864,14:24,1444,96,0.38,13.2,19020,4,6,55830,117,-64.9
NQ,865,14:25,1444,95,0.431,23.6,34140,4,6,38515,117,-86.5
NQ,866,14:26,1444,94,0.278,8.9,12815,3,6,46455,117,-233.2
NQ,867,14:27,1444,93,0.259,-2.6,-3805,3,6,52700,117,-131.4
NQ,868,14:28,1445,92,0.358,8.4,12070,4,6,58155,117,-89.1
NQ,869,14:29,1445,91,0.388,13.2,19095,3,6,48605,117,-62.9
NQ,870,14:30,1445,90,0.221,-7.1,-10310,3,6,52835,117,-77.0
NQ,871,14:31,1445,89,0.109,-37.5,-54125,1,6,69635,117,-206.2
NQ,872,14:32,1445,88,0.011,-60.6,-87495,1,6,109050,117,-272.0
NQ,873,14:33,1445,87,-0.012,-68.1,-98395,1,6,113975,117,-57.8
NQ,874,14:34,1445,86,0.023,-49.4,-71350,2,6,101340,117,21.7
NQ,875,14:35,1445,85,0.046,-52.1,-75350,2,6,89740,117,-123.1
NQ,876,14:36,1445,84,0.014,-48.0,-69350,1,6,90240,117,-87.4
NQ,877,14:37,1445,83,-0.049,-36.2,-52365,2,6,78740,117,-258.9
NQ,878,14:38,1445,82,-0.117,-25.6,-37055,2,6,63165,117,-193.2
NQ,879,14:39,1445,81,-0.119,-33.9,-48955,2,6,67565,117,-48.5
NQ,880,14:40,1445,80,-0.028,-37.8,-54610,1,6,63980,117,-178.1
NQ,881,14:41,1445,79,0.11,-21.8,-31515,2,6,63160,117,-310.9
NQ,882,14:42,1445,78,0.001,-19.2,-27760,2,6,67670,117,-100.8
NQ,883,14:43,1444,77,0.061,-21.2,-30615,2,6,77030,117,-175.3
NQ,884,14:44,1444,76,-0.078,-40.9,-59100,1,6,94325,117,-281.4
NQ,885,14:45,1444,75,-0.026,-17.9,-25850,3,6,73170,117,-117.0
NQ,886,14:46,1444,74,-0.107,-32.7,-47250,1,6,76895,117,-102.0
NQ,887,14:47,1444,73,-0.115,-35.6,-51400,1,6,76490,117,-83.2
NQ,888,14:48,1444,72,-0.062,-9.2,-13295,2,6,57715,117,-22.0
NQ,889,14:49,1444,71,-0.018,-16.3,-23470,2,6,56110,117,-59.7
NQ,890,14:50,1444,70,0.196,25.9,37345,4,6,42490,117,-43.7
NQ,891,14:51,1444,69,0.02,-3.0,-4365,1,6,49875,117,7.8
NQ,892,14:52,1444,68,0.288,39.9,57685,4,6,53225,117,-10.1
NQ,893,14:53,1444,67,0.182,28.6,41325,4,6,83565,117,-63.7
NQ,894,14:54,1444,66,0.115,28.9,41695,4,6,59825,117,-11.6
NQ,895,14:55,1444,65,0.279,34.9,50430,4,6,47905,117,-59.5
NQ,896,14:56,1444,64,0.352,44.7,64595,4,6,30415,117,-171.4
NQ,897,14:57,1444,63,0.296,34.0,49160,5,6,52910,117,-189.0
NQ,898,14:58,1444,62,0.375,46.9,67685,4,6,39030,117,-259.7
NQ,899,14:59,1445,61,0.38,40.7,58790,4,6,49055,117,-289.3
NQ,900,15:00,1445,60,0.192,16.5,23810,4,6,56745,117,-269.7
NQ,901,15:01,1445,59,0.081,0.6,865,4,6,41790,117,-214.8
NQ,902,15:02,1444,58,0.187,22.1,31915,4,6,42225,117,-75.0
NQ,903,15:03,1444,57,-0.037,-19.4,-28055,1,6,56055,117,-22.8
NQ,904,15:04,1444,56,0.033,-6.8,-9840,2,6,42895,117,117.9
NQ,905,15:05,1444,55,0.056,-8.7,-12570,3,6,47175,117,183.7
NQ,906,15:06,1444,54,-0.169,-32.6,-47005,3,6,68745,117,33.8
NQ,907,15:07,1444,53,-0.127,-47.4,-68470,2,6,82200,117,0.5
NQ,908,15:08,1444,52,0.108,-2.7,-3880,3,6,53635,117,93.8
NQ,909,15:09,1444,51,0.026,-7.6,-10915,2,6,37520,117,94.8
NQ,910,15:10,1444,50,0.07,15.4,22260,4,6,41105,117,-43.9
NQ,911,15:11,1444,49,0.044,-3.6,-5230,4,6,38595,117,30.6
NQ,912,15:12,1444,48,-0.033,13.7,19825,4,6,40955,117,38.6
NQ,913,15:13,1444,47,-0.272,-30.3,-43785,2,6,62535,117,55.7
NQ,914,15:14,1443,46,-0.373,-51.4,-74205,2,6,94950,117,157.6
NQ,915,15:15,1443,45,-0.205,-34.6,-49950,2,6,79075,117,98.5
NQ,916,15:16,1443,44,-0.14,-36.3,-52310,2,6,84675,117,173.9
NQ,917,15:17,1443,43,-0.096,-11.3,-16355,2,6,43660,117,170.0
NQ,918,15:18,1443,42,0.037,12.7,18380,4,6,32545,117,187.3
NQ,919,15:19,1443,41,-0.042,6.8,9865,4,6,38635,117,173.5
NQ,920,15:20,1443,40,0.088,29.3,42310,4,6,38575,117,151.6
NQ,921,15:21,1443,39,0.044,15.6,22545,3,6,35675,117,132.4
NQ,922,15:22,1443,38,0.154,31.9,46060,3,6,48080,117,38.3
NQ,923,15:23,1443,37,0.149,20.8,29995,3,6,54905,117,-9.3
NQ,924,15:24,1443,36,0.214,36.6,52830,4,6,26000,117,26.0
NQ,925,15:25,1443,35,0.261,31.0,44730,3,6,28915,117,32.4
NQ,926,15:26,1443,34,0.151,12.3,17790,2,6,52175,117,67.9
NQ,927,15:27,1443,33,0.078,7.0,10160,3,6,55995,117,132.2
NQ,928,15:28,1443,32,0.08,12.5,18105,2,6,51215,117,89.1
NQ,929,15:29,1443,31,0.039,2.4,3420,2,6,59700,117,40.6
NQ,930,15:30,1442,30,0.05,-3.2,-4550,2,6,67610,117,40.0
NQ,931,15:31,1442,29,0.056,15.5,22295,4,6,52995,117,121.9
NQ,932,15:32,1442,28,0.134,10.2,14650,4,6,35265,117,70.3
NQ,933,15:33,1442,27,0.172,13.4,19340,3,6,33695,117,93.4
NQ,934,15:34,1442,26,0.011,-5.3,-7575,5,6,50665,117,89.5
NQ,935,15:35,1442,25,0.044,-5.5,-8000,3,6,34070,117,60.0
NQ,936,15:36,1442,24,0.137,20.3,29275,5,6,45250,117,41.2
NQ,937,15:37,1442,23,0.171,31.1,44910,6,6,26375,117,29.5
NQ,938,15:38,1442,22,0.264,32.3,46530,5,6,19590,117,89.1
NQ,939,15:39,1442,21,0.179,18.4,26560,4,6,18365,117,-5.9
NQ,940,15:40,1442,20,0.232,29.4,42445,4,6,15095,117,95.3
NQ,941,15:41,1442,19,0.16,18.6,26765,5,6,16730,117,151.2
NQ,942,15:42,1442,18,0.104,11.2,16195,3,6,20340,117,79.9
NQ,943,15:43,1442,17,0.146,23.8,34305,3,6,21545,117,121.2
NQ,944,15:44,1443,16,0.212,19.5,28200,3,6,30680,117,66.8
NQ,945,15:45,1444,15,0.108,8.8,12765,2,6,35035,117,50.6
NQ,946,15:46,1445,14,0.057,3.4,4880,2,6,36530,117,76.4
NQ,947,15:47,1445,13,0.024,6.4,9230,2,6,35730,117,-5.1
NQ,948,15:48,1445,12,0.044,5.2,7520,2,6,36500,117,-78.8
NQ,949,15:49,1445,11,0.05,4.7,6765,2,6,41645,117,-99.0
NQ,950,15:50,1445,10,-0.069,-16.3,-23505,1,6,49490,117,-70.1
NQ,951,15:51,1445,9,0.293,45.4,65655,6,6,9785,117,50.8
NQ,952,15:52,1445,8,0.259,39.9,57655,5,6,14430,117,51.2
NQ,953,15:53,1445,7,0.199,22.5,32460,5,6,11825,117,16.0
NQ,954,15:54,1444,6,0.207,22.5,32425,4,6,14645,117,85.4
NQ,955,15:55,1444,5,0.111,12.0,17300,4,6,14045,117,11.8
NQ,956,15:56,1444,4,0.135,18.5,26760,3,6,15735,117,17.0
NQ,957,15:57,1444,3,0.097,8.1,11735,3,6,13620,117,-32.2
NQ,958,15:58,1444,2,0.062,6.0,8715,4,6,20895,117,-23.9
NQ,959,15:59,1444,1,0.018,-6.3,-9060,3,6,23885,117,-51.2
